city_id,store_id,management_group_id,first_category_id,second_category_id,third_category_id,product_id,dt,sale_amount,stock_hour6_22_cnt,discount,holiday_flag,activity_flag,precpt,avg_temperature,avg_humidity,avg_wind_level,sale_00h,stock_00h,sale_01h,stock_01h,sale_02h,stock_02h,sale_03h,stock_03h,sale_04h,stock_04h,sale_05h,stock_05h,sale_06h,stock_06h,sale_07h,stock_07h,sale_08h,stock_08h,sale_09h,stock_09h,sale_10h,stock_10h,sale_11h,stock_11h,sale_12h,stock_12h,sale_13h,stock_13h,sale_14h,stock_14h,sale_15h,stock_15h,sale_16h,stock_16h,sale_17h,stock_17h,sale_18h,stock_18h,sale_19h,stock_19h,sale_20h,stock_20h,sale_21h,stock_21h,sale_22h,stock_22h,sale_23h,stock_23h
0,0,2,29,78,82,4,2024-03-29,1.3,5,0.882,0,1,3.019,15.08,76.56,1.71,0.0,1,0.0,1,0.0,1,0.0,0,0.0,0,0.0,0,0.0,0,0.0,0,0.0,0,0.0,0,0.0,0,0.0,0,0.0,0,0.0,0,0.0,0,0.2,0,0.3,0,0.8,1,0.0,1,0.0,1,0.0,1,0.0,1,0.0,1,0.0,1
0,2,6,10,33,160,650,2024-06-09,0.2,0,1.0,1,0,5.2589,26.53,76.65,1.46,0.0,0,0.0,0,0.0,0,0.0,0,0.0,0,0.0,0,0.0,0,0.0,0,0.0,0,0.0,0,0.0,0,0.1,0,0.0,0,0.0,0,0.1,0,0.0,0,0.0,0,0.0,0,0.0,0,0.0,0,0.0,0,0.0,0,0.0,0,0.0,0
10,4,5,18,80,86,11,2024-05-28,0.6,0,0.989,0,0,0.9745,23.46,60.04,1.64,0.0,1,0.0,1,0.0,0,0.0,0,0.0,0,0.0,0,0.0,0,0.0,0,0.2,0,0.0,0,0.1,0,0.0,0,0.0,0,0.0,0,0.1,0,0.0,0,0.1,0,0.0,0,0.1,0,0.0,0,0.0,0,0.0,0,0.0,0,0.0,0
0,8,6,20,58,172,223,2024-05-25,1.4,0,0.833,1,1,1.0093,23.26,66.68,1.98,0.0,0,0.0,0,0.1,0,0.0,0,0.0,0,0.0,0,0.0,0,0.1,0,0.0,0,0.0,0,0.6,0,0.1,0,0.0,0,0.1,0,0.0,0,0.0,0,0.1,0,0.1,0,0.0,0,0.0,0,0.1,0,0.1,0,0.0,0,0.0,0
15,9,5,16,25,103,631,2024-06-16,0.7,5,0.796,1,1,4.5629,27.83,83.68,2.0,0.0,0,0.0,0,0.0,0,0.0,0,0.0,0,0.0,0,0.0,0,0.1,0,0.1,0,0.0,0,0.0,0,0.1,0,0.0,0,0.0,0,0.2,0,0.0,0,0.2,0,0.0,1,0.0,1,0.0,1,0.0,1,0.0,1,0.0,1,0.0,1
4,11,5,16,25,105,290,2024-04-23,1.8,4,0.767,0,1,0.4103,18.94,74.75,1.88,0.0,1,0.0,1,0.0,1,0.1,1,0.0,1,0.0,0,0.0,0,0.1,0,0.0,0,0.0,0,0.1,0,0.0,0,0.3,0,0.4,0,0.0,0,0.2,0,0.2,0,0.2,0,0.0,1,0.0,1,0.2,1,0.0,1,0.0,1,0.0,1
0,12,6,4,28,81,21,2024-06-01,0.1,0,0.8700000047683716,1,1,1.9177,23.59,70.22,1.32,0.0,1,0.0,1,0.0,1,0.0,1,0.0,1,0.0,0,0.0,0,0.0,0,0.0,0,0.0,0,0.0,0,0.0,0,0.0,0,0.0,0,0.0,0,0.0,0,0.0,0,0.0,0,0.0,0,0.0,0,0.0,0,0.0,0,0.0,0,0.1,0
5,16,0,28,3,7,381,2024-06-10,0.5,0,1.0,1,0,5.8512,26.03,82.9,2.61,0.0,0,0.0,0,0.0,0,0.0,0,0.0,0,0.0,0,0.0,0,0.0,0,0.0,0,0.0,0,0.0,0,0.0,0,0.1,0,0.0,0,0.2,0,0.1,0,0.0,0,0.1,0,0.0,0,0.0,0,0.0,0,0.0,0,0.0,0,0.0,0
5,16,0,28,72,154,835,2024-04-08,1.6,0,0.984,0,0,2.5061,17.58,81.27,2.71,0.0,0,0.0,0,0.0,0,0.0,0,0.0,0,0.0,0,0.0,0,0.0,0,0.0,0,0.0,0,0.2,0,0.1,0,0.2,0,0.2,0,0.3,0,0.2,0,0.1,0,0.1,0,0.0,0,0.0,0,0.0,0,0.0,0,0.2,0,0.0,0
0,18,6,20,50,2,104,2024-05-11,3.4,0,0.843,1,1,2.1776,21.7,71.72,1.21,0.2,0,0.0,0,0.1,0,0.0,0,0.0,0,0.1,0,0.3,0,0.1,0,0.3,0,0.3,0,0.1,0,0.0,0,0.3,0,0.1,0,0.2,0,0.2,0,0.5,0,0.2,0,0.1,0,0.2,0,0.0,0,0.1,0,0.0,0,0.0,0
0,18,6,4,28,1,117,2024-06-16,7.6,0,1.0,1,0,8.021,27.19,80.27,1.46,0.1,0,0.0,0,0.1,0,0.0,0,0.0,0,0.2,0,0.3,0,0.3,0,0.6,0,1.3,0,0.8,0,0.5,0,0.4,0,0.1,0,0.3,0,0.9,0,0.3,0,0.4,0,0.2,0,0.3,0,0.3,0,0.2,0,0.0,0,0.0,0
0,18,6,20,50,59,567,2024-03-29,0.8,3,0.822,0,1,3.0342,15.58,76.6,1.46,0.0,0,0.0,0,0.0,0,0.0,0,0.0,0,0.0,0,0.0,0,0.0,0,0.2,0,0.0,0,0.0,0,0.0,0,0.1,0,0.0,0,0.3,0,0.1,0,0.0,0,0.0,0,0.1,0,0.0,1,0.0,1,0.0,1,0.0,1,0.0,1
0,18,6,10,38,190,715,2024-06-11,1.2,4,1.0,0,0,5.6676,25.73,76.21,1.57,0.0,0,0.0,0,0.0,0,0.0,0,0.2,0,0.0,0,0.0,0,0.1,0,0.0,0,0.2,0,0.1,0,0.1,0,0.0,0,0.0,0,0.0,0,0.1,0,0.2,0,0.1,0,0.0,1,0.0,1,0.0,1,0.1,1,0.0,1,0.0,1
0,19,6,20,68,63,486,2024-05-10,1.5,13,0.675,0,1,1.6221,20.43,65.38,1.67,0.0,1,0.0,1,0.0,1,0.0,1,0.0,1,0.0,0,0.3,0,0.0,1,0.0,1,0.0,1,0.0,1,0.0,1,0.0,1,0.0,1,0.0,1,0.2,1,0.4,0,0.5,0,0.0,1,0.0,1,0.0,1,0.0,1,0.0,1,0.1,1
11,20,2,29,78,82,4,2024-04-27,6.5,0,0.883,1,1,2.933,19.84,76.05,1.5,0.0,0,0.0,0,0.0,0,0.0,0,0.0,0,1.2,0,0.8,0,0.3,0,1.1,0,0.6,0,0.6,0,0.4,0,1.2,0,0.1,0,0.2,0,0.0,0,0.0,0,0.0,0,0.0,0,0.0,0,0.0,0,0.0,0,0.0,0,0.0,0
17,21,6,4,53,156,26,2024-05-30,0.7,1,1.0,0,0,0.7705,24.31,61.46,1.43,0.0,0,0.0,0,0.0,0,0.0,0,0.0,0,0.0,0,0.0,0,0.0,0,0.0,0,0.0,0,0.0,0,0.1,0,0.1,0,0.0,0,0.1,0,0.0,0,0.0,0,0.2,0,0.0,0,0.0,0,0.2,0,0.0,1,0.0,1,0.0,1
17,21,6,21,64,184,267,2024-06-23,31.3,1,0.0,1,0,10.3136,26.91,85.34,1.57,0.0,1,0.3,1,0.2,0,0.1,0,0.2,0,0.1,0,0.9,0,1.8,0,3.2,0,4.6,0,3.8,0,2.4,0,1.6,0,1.4,0,1.6,0,1.7,0,2.6,0,1.7,0,1.2,0,1.4,0,0.5,0,0.0,1,0.0,1,0.0,1
17,22,6,24,51,153,419,2024-05-06,0.8,9,1.0,0,0,1.4964,21.36,70.75,1.19,0.0,0,0.0,0,0.0,0,0.0,0,0.0,0,0.0,0,0.3,0,0.3,0,0.0,0,0.1,0,0.0,0,0.0,0,0.1,0,0.0,1,0.0,1,0.0,1,0.0,1,0.0,1,0.0,1,0.0,1,0.0,1,0.0,1,0.0,1,0.0,1
0,24,6,21,64,19,691,2024-05-08,0.8,0,1.0,0,0,0.8384,21.8,64.55,1.89,0.0,1,0.0,1,0.0,1,0.0,0,0.0,0,0.0,0,0.0,0,0.0,0,0.0,0,0.1,0,0.0,0,0.0,0,0.0,0,0.0,0,0.1,0,0.2,0,0.2,0,0.1,0,0.0,0,0.0,0,0.1,0,0.0,0,0.0,0,0.0,0
1,28,5,16,27,100,402,2024-06-13,0.8,0,1.0,0,0,10.2676,28.66,83.91,1.53,0.0,0,0.0,0,0.0,0,0.0,0,0.1,0,0.0,0,0.0,0,0.0,0,0.1,0,0.1,0,0.1,0,0.0,0,0.0,0,0.1,0,0.0,0,0.0,0,0.0,0,0.2,0,0.1,0,0.0,0,0.0,0,0.0,0,0.0,0,0.0,0
0,29,6,4,28,81,19,2024-04-11,2.1,14,1.0,0,0,2.8145,17.46,78.38,1.83,0.0,1,0.0,1,0.1,1,0.0,1,0.0,1,0.0,1,0.0,0,1.1,0,0.9,1,0.0,1,0.0,1,0.0,1,0.0,1,0.0,1,0.0,1,0.0,1,0.0,1,0.0,1,0.0,1,0.0,1,0.0,1,0.0,1,0.0,1,0.0,1
1,31,6,4,28,216,579,2024-06-22,0.2,0,1.0,1,0,4.8507,29.64,81.65,1.84,0.0,1,0.0,1,0.0,1,0.0,1,0.0,1,0.0,1,0.0,0,0.0,0,0.0,0,0.0,0,0.0,0,0.0,0,0.0,0,0.0,0,0.0,0,0.0,0,0.0,0,0.0,0,0.2,0,0.0,0,0.0,0,0.0,0,0.0,0,0.0,0
1,32,1,7,17,55,286,2024-06-24,0.6,11,0.69,0,1,5.0486,30.1,80.22,1.5,0.0,0,0.0,0,0.0,0,0.0,0,0.0,0,0.0,0,0.0,0,0.0,0,0.3,0,0.0,0,0.3,0,0.0,1,0.0,1,0.0,1,0.0,1,0.0,1,0.0,1,0.0,1,0.0,1,0.0,1,0.0,1,0.0,1,0.0,1,0.0,1
0,34,6,20,58,172,17,2024-06-03,0.7,0,0.981,0,0,2.8382,24.15,73.7,2.07,0.0,0,0.0,0,0.0,0,0.0,0,0.0,0,0.0,0,0.0,0,0.0,0,0.1,0,0.3,0,0.0,0,0.2,0,0.0,0,0.0,0,0.1,0,0.0,0,0.0,0,0.0,0,0.0,0,0.0,0,0.0,0,0.0,0,0.0,0,0.0,0
0,34,6,4,28,149,215,2024-05-31,2.6,4,0.596,0,1,2.2729,23.86,67.33,1.59,0.0,1,0.0,1,0.0,1,0.0,1,0.0,1,0.0,1,0.2,0,0.0,0,0.5,0,0.3,0,0.0,1,0.0,1,0.0,1,0.1,1,0.0,0,0.2,0,0.5,0,0.0,0,0.4,0,0.2,0,0.1,0,0.1,0,0.0,1,0.0,1
0,35,6,4,28,81,19,2024-06-03,1.5,0,1.0,0,0,2.5066,23.61,74.08,2.61,0.0,0,0.0,0,0.0,0,0.0,0,0.0,0,0.0,0,0.0,0,0.1,0,0.2,0,0.1,0,0.2,0,0.1,0,0.0,0,0.0,0,0.0,0,0.4,0,0.3,0,0.0,0,0.1,0,0.0,0,0.0,0,0.0,0,0.0,0,0.0,0
0,35,6,4,53,156,26,2024-04-12,0.9,0,0.909,0,1,4.7289,17.35,80.35,2.29,0.0,0,0.0,0,0.0,0,0.0,0,0.0,0,0.0,0,0.0,0,0.0,0,0.0,0,0.1,0,0.1,0,0.0,0,0.0,0,0.1,0,0.0,0,0.1,0,0.3,0,0.0,0,0.1,0,0.0,0,0.0,0,0.1,0,0.0,0,0.0,0
0,35,6,20,50,24,300,2024-06-03,0.2,12,1.0,0,0,2.5066,23.61,74.08,2.61,0.0,0,0.0,0,0.0,0,0.0,0,0.0,0,0.0,0,0.1,0,0.0,0,0.0,0,0.1,0,0.0,1,0.0,1,0.0,1,0.0,1,0.0,1,0.0,1,0.0,1,0.0,1,0.0,1,0.0,1,0.0,1,0.0,1,0.0,1,0.0,1
9,39,6,10,33,72,503,2024-06-18,0.9,0,0.699,0,1,1.8026,28.97,82.35,1.39,0.0,0,0.0,0,0.0,0,0.0,0,0.0,0,0.0,0,0.0,0,0.2,0,0.1,0,0.1,0,0.1,0,0.0,0,0.0,0,0.0,0,0.0,0,0.1,0,0.0,0,0.0,0,0.1,0,0.1,0,0.1,0,0.0,0,0.0,0,0.0,0
9,40,6,4,28,10,64,2024-05-31,0.1,0,1.0,0,0,13.6862,25.4,85.33,1.52,0.0,1,0.0,1,0.0,1,0.0,1,0.0,1,0.0,1,0.0,0,0.0,0,0.0,0,0.0,0,0.1,0,0.0,0,0.0,0,0.0,0,0.0,0,0.0,0,0.0,0,0.0,0,0.0,0,0.0,0,0.0,0,0.0,0,0.0,0,0.0,0
9,40,6,4,28,174,87,2024-05-26,0.4,5,0.805,1,1,12.2952,25.29,84.73,1.39,0.0,0,0.2,0,0.0,0,0.0,0,0.0,0,0.0,0,0.0,0,0.0,0,0.0,0,0.1,0,0.0,0,0.0,0,0.0,0,0.0,0,0.0,0,0.0,0,0.1,0,0.0,1,0.0,1,0.0,1,0.0,1,0.0,1,0.0,1,0.0,1
2,42,6,4,28,216,579,2024-06-22,1.0,4,1.0,1,0,5.9953,30.3,76.72,1.64,0.0,0,0.1,0,0.0,0,0.0,0,0.0,0,0.0,0,0.0,0,0.0,0,0.1,0,0.0,0,0.2,0,0.1,0,0.0,0,0.0,0,0.2,0,0.0,0,0.1,0,0.2,0,0.0,1,0.0,1,0.0,1,0.0,1,0.0,1,0.0,1
2,43,6,20,47,140,45,2024-05-25,0.6,0,1.0,1,0,13.8128,27.02,82.4,1.39,0.0,0,0.0,0,0.0,0,0.0,0,0.0,0,0.0,0,0.0,0,0.0,0,0.0,0,0.1,0,0.0,0,0.0,0,0.0,0,0.1,0,0.0,0,0.0,0,0.2,0,0.0,0,0.0,0,0.2,0,0.0,0,0.0,0,0.0,0,0.0,0
2,45,6,4,28,216,579,2024-05-16,0.9,0,1.0,0,0,12.3593,25.57,78.13,1.1,0.0,0,0.1,0,0.0,0,0.0,0,0.0,0,0.0,0,0.0,0,0.0,0,0.0,0,0.0,0,0.2,0,0.1,0,0.0,0,0.0,0,0.1,0,0.0,0,0.0,0,0.0,0,0.1,0,0.1,0,0.1,0,0.0,0,0.0,0,0.1,0
0,46,5,16,27,98,248,2024-06-02,0.2,5,1.0,1,0,1.7429,22.95,75.68,2.07,0.0,1,0.0,1,0.0,1,0.0,1,0.0,1,0.0,0,0.0,0,0.0,0,0.0,0,0.0,0,0.1,0,0.0,0,0.0,0,0.0,0,0.0,0,0.0,0,0.1,0,0.0,1,0.0,1,0.0,1,0.0,1,0.0,1,0.0,1,0.0,1
0,53,6,8,29,113,201,2024-05-08,0.7,0,1.0,0,0,0.8369,21.63,64.52,1.75,0.0,1,0.0,1,0.0,1,0.0,1,0.0,1,0.0,1,0.0,0,0.0,0,0.1,0,0.0,0,0.0,0,0.1,0,0.0,0,0.0,0,0.1,0,0.0,0,0.2,0,0.2,0,0.0,0,0.0,0,0.0,0,0.0,0,0.0,0,0.0,0
0,53,6,20,50,59,567,2024-05-13,1.2,3,0.781,0,1,1.0678,22.63,65.9,1.81,0.0,0,0.0,0,0.0,0,0.0,0,0.1,0,0.0,0,0.0,0,0.0,0,0.3,0,0.0,0,0.1,0,0.0,0,0.1,0,0.0,1,0.2,1,0.0,1,0.0,0,0.1,0,0.0,0,0.3,0,0.0,0,0.0,0,0.0,0,0.0,0
0,57,6,4,28,180,118,2024-05-21,1.2,3,1.0,0,0,1.2099,23.72,74.9,1.33,0.1,1,0.0,1,0.0,1,0.1,1,0.0,1,0.0,0,0.0,0,0.0,0,0.1,0,0.0,0,0.3,0,0.0,0,0.0,0,0.0,0,0.0,0,0.0,0,0.2,0,0.2,0,0.2,0,0.0,1,0.0,1,0.0,1,0.0,1,0.0,1
0,59,6,4,28,167,843,2024-05-13,0.5,0,1.0,0,0,0.863,22.02,66.09,2.11,0.0,0,0.0,0,0.0,0,0.0,0,0.0,0,0.0,0,0.1,0,0.0,0,0.0,0,0.0,0,0.0,0,0.0,0,0.0,0,0.0,0,0.1,0,0.0,0,0.2,0,0.0,0,0.0,0,0.0,0,0.0,0,0.1,0,0.0,0,0.0,0
0,62,6,4,53,77,90,2024-06-09,0.0,16,0.6710000038146973,1,1,5.3485,26.81,76.09,1.45,0.0,1,0.0,1,0.0,1,0.0,1,0.0,1,0.0,1,0.0,1,0.0,1,0.0,1,0.0,1,0.0,1,0.0,1,0.0,1,0.0,1,0.0,1,0.0,1,0.0,1,0.0,1,0.0,1,0.0,1,0.0,1,0.0,1,0.0,1,0.0,1
0,62,6,4,53,77,774,2024-05-30,0.3,0,0.865,0,1,1.2945,23.53,67.2,1.91,0.0,0,0.0,0,0.0,0,0.0,0,0.0,0,0.0,0,0.0,0,0.1,0,0.1,0,0.0,0,0.0,0,0.1,0,0.0,0,0.0,0,0.0,0,0.0,0,0.0,0,0.0,0,0.0,0,0.0,0,0.0,0,0.0,0,0.0,0,0.0,0
4,63,6,21,64,184,267,2024-04-10,0.0,16,1.0,0,0,1.5018,18.05,77.15,1.94,0.0,1,0.0,1,0.0,1,0.0,1,0.0,1,0.0,1,0.0,1,0.0,1,0.0,1,0.0,1,0.0,1,0.0,1,0.0,1,0.0,1,0.0,1,0.0,1,0.0,1,0.0,1,0.0,1,0.0,1,0.0,1,0.0,1,0.0,1,0.0,1
7,71,6,21,64,123,146,2024-04-27,0.7,0,0.713,1,1,17.6892,26.01,83.6,1.78,0.0,0,0.0,0,0.0,0,0.0,0,0.0,0,0.0,0,0.0,0,0.0,0,0.1,0,0.0,0,0.0,0,0.1,0,0.0,0,0.0,0,0.0,0,0.1,0,0.1,0,0.1,0,0.0,0,0.0,0,0.1,0,0.1,0,0.0,0,0.0,0
0,74,6,4,53,58,23,2024-05-31,0.8,0,1.0,0,0,2.4902,22.52,72.99,1.66,0.0,0,0.0,0,0.0,0,0.0,0,0.0,0,0.0,0,0.0,0,0.1,0,0.2,0,0.2,0,0.0,0,0.0,0,0.0,0,0.0,0,0.0,0,0.1,0,0.0,0,0.1,0,0.1,0,0.0,0,0.0,0,0.0,0,0.0,0,0.0,0
0,74,6,20,47,140,119,2024-05-03,4.0,0,0.86,1,1,1.7815,20.39,76.8,1.76,0.0,1,0.0,1,0.0,1,0.0,1,0.0,1,0.0,1,0.1,0,0.1,0,0.5,0,0.4,0,0.5,0,0.6,0,0.0,0,0.0,0,0.0,0,0.3,0,0.2,0,0.3,0,0.3,0,0.3,0,0.3,0,0.0,0,0.0,0,0.1,0
0,78,6,4,53,156,26,2024-04-27,0.8,0,0.909,1,1,1.5733,20.22,75.43,1.48,0.0,0,0.0,0,0.0,0,0.0,0,0.0,0,0.0,0,0.0,0,0.1,0,0.0,0,0.0,0,0.0,0,0.0,0,0.1,0,0.0,0,0.2,0,0.0,0,0.1,0,0.0,0,0.1,0,0.0,0,0.0,0,0.1,0,0.1,0,0.0,0
0,78,6,4,28,168,554,2024-05-24,0.5,0,1.0,0,0,0.374,23.31,67.06,1.78,0.0,0,0.0,0,0.0,0,0.0,0,0.0,0,0.0,0,0.0,0,0.1,0,0.0,0,0.1,0,0.0,0,0.0,0,0.0,0,0.1,0,0.1,0,0.1,0,0.0,0,0.0,0,0.0,0,0.0,0,0.0,0,0.0,0,0.0,0,0.0,0
15,79,6,20,47,140,119,2024-06-13,1.2,0,0.832,0,1,12.6303,26.07,86.91,1.41,0.1,0,0.0,0,0.0,0,0.0,0,0.0,0,0.0,0,0.0,0,0.1,0,0.0,0,0.0,0,0.2,0,0.1,0,0.0,0,0.1,0,0.1,0,0.4,0,0.0,0,0.1,0,0.0,0,0.0,0,0.0,0,0.0,0,0.0,0,0.0,0
0,84,6,20,50,24,300,2024-05-01,6.3,3,0.995,1,0,2.3185,19.78,73.69,1.63,0.0,0,0.3,0,0.0,0,0.0,0,0.0,0,0.0,0,0.1,0,1.2,0,0.7,0,0.8,0,0.4,0,0.4,0,0.3,0,0.3,0,0.2,0,0.5,0,0.6,0,0.4,0,0.1,0,0.0,1,0.0,1,0.0,1,0.0,1,0.0,1
16,89,6,20,58,74,301,2024-04-12,0.2,0,1.0,0,0,4.8215,18.87,81.28,1.39,0.0,0,0.0,0,0.0,0,0.0,0,0.0,0,0.0,0,0.0,0,0.0,0,0.0,0,0.0,0,0.1,0,0.0,0,0.0,0,0.0,0,0.0,0,0.0,0,0.0,0,0.1,0,0.0,0,0.0,0,0.0,0,0.0,0,0.0,0,0.0,0
2,92,5,16,27,100,535,2024-06-02,1.0,10,0.806,1,1,14.0971,28.16,81.91,1.42,0.0,0,0.0,0,0.0,0,0.0,0,0.0,0,0.0,0,0.0,0,0.0,0,0.3,0,0.2,0,0.2,0,0.2,0,0.0,1,0.0,1,0.0,1,0.1,1,0.0,1,0.0,1,0.0,1,0.0,1,0.0,1,0.0,1,0.0,1,0.0,1
2,92,6,21,64,184,589,2024-03-30,2.3,11,0.0,1,0,6.1237,23.77,72.64,1.66,0.0,1,0.0,1,0.0,1,0.0,1,0.0,1,0.0,1,0.1,0,0.4,0,0.5,0,0.7,0,0.6,0,0.0,1,0.0,1,0.0,1,0.0,1,0.0,1,0.0,1,0.0,1,0.0,1,0.0,1,0.0,1,0.0,1,0.0,1,0.0,1
0,100,6,8,29,113,108,2024-03-31,0.7,0,0.666,1,1,1.2174,15.41,77.59,1.61,0.0,0,0.0,0,0.0,0,0.0,0,0.0,0,0.0,0,0.0,0,0.1,0,0.2,0,0.1,0,0.0,0,0.0,0,0.0,0,0.1,0,0.0,0,0.1,0,0.0,0,0.1,0,0.0,0,0.0,0,0.0,0,0.0,0,0.0,0,0.0,0
0,100,6,10,33,181,115,2024-06-20,0.7,0,1.0,0,0,11.1633,27.72,86.76,1.78,0.0,0,0.0,0,0.0,0,0.0,0,0.0,0,0.0,0,0.1,0,0.0,0,0.1,0,0.0,0,0.1,0,0.1,0,0.0,0,0.0,0,0.0,0,0.0,0,0.2,0,0.1,0,0.0,0,0.0,0,0.0,0,0.0,0,0.0,0,0.0,0
16,103,6,24,39,129,831,2024-03-30,0.6,6,1.0,1,0,0.7037,16.72,76.59,1.33,0.1,0,0.0,0,0.0,0,0.0,0,0.0,0,0.0,0,0.0,0,0.0,0,0.0,0,0.0,0,0.0,0,0.1,0,0.0,0,0.2,0,0.0,0,0.1,0,0.0,1,0.0,1,0.0,1,0.0,1,0.0,1,0.1,1,0.0,1,0.0,1
0,104,6,20,50,170,6,2024-06-12,0.9,0,0.656,0,1,6.5302,26.32,79.86,1.57,0.0,0,0.0,0,0.0,0,0.0,0,0.0,0,0.0,0,0.0,0,0.1,0,0.1,0,0.1,0,0.1,0,0.1,0,0.1,0,0.1,0,0.1,0,0.0,0,0.0,0,0.0,0,0.0,0,0.1,0,0.0,0,0.0,0,0.0,0,0.0,0
3,107,5,16,27,104,425,2024-06-03,0.1,0,0.8,0,0,1.2221,27.85,41.62,1.39,0.0,0,0.0,0,0.0,0,0.0,0,0.0,0,0.0,0,0.0,0,0.0,0,0.0,0,0.0,0,0.0,0,0.0,0,0.0,0,0.0,0,0.0,0,0.0,0,0.1,0,0.0,0,0.0,0,0.0,0,0.0,0,0.0,0,0.0,0,0.0,0
0,118,6,4,28,81,19,2024-04-18,0.0,16,1.0,0,0,1.673,18.44,78.37,1.69,0.0,1,0.0,1,0.0,1,0.0,1,0.0,1,0.0,1,0.0,1,0.0,1,0.0,1,0.0,1,0.0,1,0.0,1,0.0,1,0.0,1,0.0,1,0.0,1,0.0,1,0.0,1,0.0,1,0.0,1,0.0,1,0.0,1,0.0,1,0.0,1
1,120,5,18,80,86,195,2024-05-25,0.7,12,0.817,1,1,15.0993,26.5,86.12,1.39,0.0,0,0.0,0,0.0,0,0.0,0,0.1,0,0.1,0,0.0,0,0.1,0,0.1,0,0.3,0,0.0,1,0.0,1,0.0,1,0.0,1,0.0,1,0.0,1,0.0,1,0.0,1,0.0,1,0.0,1,0.0,1,0.0,1,0.0,1,0.0,1
0,121,5,15,42,89,58,2024-05-20,0.7,0,0.978,0,0,1.808,22.45,74.82,1.46,0.0,1,0.0,1,0.0,0,0.0,0,0.0,0,0.0,0,0.0,0,0.0,0,0.0,0,0.0,0,0.0,0,0.0,0,0.0,0,0.0,0,0.0,0,0.2,0,0.2,0,0.0,0,0.3,0,0.0,0,0.0,0,0.0,0,0.0,0,0.0,0
0,126,6,24,69,78,481,2024-04-20,0.8,0,0.963,1,0,1.8005,19.51,75.25,1.62,0.0,1,0.0,1,0.0,1,0.0,1,0.0,1,0.0,1,0.2,0,0.2,0,0.1,0,0.1,0,0.1,0,0.0,0,0.0,0,0.0,0,0.0,0,0.0,0,0.0,0,0.0,0,0.0,0,0.0,0,0.0,0,0.1,0,0.0,0,0.0,0
0,128,6,4,28,81,21,2024-06-15,0.9,11,1.0,1,0,7.15,25.93,78.07,1.7,0.0,0,0.0,0,0.0,0,0.0,0,0.0,0,0.0,0,0.4,0,0.0,0,0.0,0,0.3,0,0.2,0,0.0,1,0.0,1,0.0,1,0.0,1,0.0,1,0.0,1,0.0,1,0.0,1,0.0,1,0.0,1,0.0,1,0.0,1,0.0,1
0,129,6,4,28,179,500,2024-05-06,0.9,0,0.625,0,1,3.1379,21.14,75.2,1.41,0.1,0,0.0,0,0.0,0,0.0,0,0.0,0,0.0,0,0.0,0,0.0,0,0.2,0,0.0,0,0.0,0,0.2,0,0.0,0,0.1,0,0.1,0,0.0,0,0.1,0,0.0,0,0.1,0,0.0,0,0.0,0,0.0,0,0.0,0,0.0,0
0,131,5,16,25,94,556,2024-06-19,0.2,14,1.0,0,0,14.3888,24.73,86.19,1.5,0.0,1,0.0,1,0.0,0,0.0,0,0.0,0,0.1,0,0.0,0,0.1,0,0.0,1,0.0,1,0.0,1,0.0,1,0.0,1,0.0,1,0.0,1,0.0,1,0.0,1,0.0,1,0.0,1,0.0,1,0.0,1,0.0,1,0.0,1,0.0,1
14,133,5,18,80,110,143,2024-05-09,0.77,0,1.0,0,0,2.4748,21.75,76.43,1.99,0.0,0,0.0,0,0.0,0,0.0,0,0.0,0,0.0,0,0.0,0,0.0,0,0.0,0,0.1,0,0.2,0,0.0,0,0.0,0,0.0,0,0.0,0,0.1,0,0.1,0,0.1,0,0.1,0,0.07,0,0.0,0,0.0,0,0.0,0,0.0,0
0,135,6,10,33,72,114,2024-06-11,2.2,0,1.0,0,0,5.6871,25.3,76.52,1.57,0.0,0,0.1,0,0.0,0,0.0,0,0.0,0,0.0,0,0.0,0,0.0,0,0.2,0,0.2,0,0.0,0,0.6,0,0.0,0,0.0,0,0.1,0,0.0,0,0.3,0,0.1,0,0.1,0,0.4,0,0.0,0,0.1,0,0.0,0,0.0,0
0,135,1,7,17,52,396,2024-06-16,0.6,0,1.0,1,0,8.0496,26.66,81.47,1.52,0.0,0,0.0,0,0.0,0,0.0,0,0.0,0,0.0,0,0.0,0,0.0,0,0.0,0,0.0,0,0.0,0,0.1,0,0.2,0,0.2,0,0.0,0,0.0,0,0.0,0,0.1,0,0.0,0,0.0,0,0.0,0,0.0,0,0.0,0,0.0,0
0,135,3,11,35,71,829,2024-06-03,0.8,0,0.944,0,1,2.8465,23.54,73.77,2.0,0.0,0,0.0,0,0.0,0,0.0,0,0.0,0,0.0,0,0.1,0,0.0,0,0.0,0,0.0,0,0.1,0,0.0,0,0.1,0,0.0,0,0.1,0,0.1,0,0.0,0,0.2,0,0.0,0,0.0,0,0.0,0,0.0,0,0.1,0,0.0,0
12,138,6,20,50,170,6,2024-05-25,1.5,0,0.549,1,1,1.4372,24.47,72.21,2.14,0.0,1,0.1,1,0.0,1,0.1,0,0.0,0,0.0,0,0.0,0,0.2,0,0.1,0,0.2,0,0.1,0,0.1,0,0.1,0,0.1,0,0.1,0,0.2,0,0.0,0,0.1,0,0.0,0,0.0,0,0.0,0,0.0,0,0.0,0,0.0,0
12,138,6,4,28,149,215,2024-04-14,0.0,16,0.777999997138977,1,1,4.7579,19.02,84.11,2.56,0.0,1,0.0,1,0.0,1,0.0,1,0.0,1,0.0,1,0.0,1,0.0,1,0.0,1,0.0,1,0.0,1,0.0,1,0.0,1,0.0,1,0.0,1,0.0,1,0.0,1,0.0,1,0.0,1,0.0,1,0.0,1,0.0,1,0.0,1,0.0,1
12,138,2,30,75,191,699,2024-06-16,0.8,0,0.936,1,0,6.4592,27.91,83.57,2.0,0.1,0,0.0,0,0.0,0,0.0,0,0.0,0,0.0,0,0.0,0,0.1,0,0.0,0,0.2,0,0.0,0,0.2,0,0.1,0,0.0,0,0.0,0,0.0,0,0.1,0,0.0,0,0.0,0,0.0,0,0.0,0,0.0,0,0.0,0,0.0,0
0,140,6,4,53,58,23,2024-04-01,0.0,16,1.0,0,0,3.5641,15.88,80.17,1.4,0.0,1,0.0,1,0.0,1,0.0,1,0.0,1,0.0,1,0.0,1,0.0,1,0.0,1,0.0,1,0.0,1,0.0,1,0.0,1,0.0,1,0.0,1,0.0,1,0.0,1,0.0,1,0.0,1,0.0,1,0.0,1,0.0,1,0.0,1,0.0,1
0,140,5,16,27,100,293,2024-05-16,0.6,6,1.0,0,0,1.9433,23.38,70.48,1.51,0.0,0,0.0,0,0.0,0,0.0,0,0.0,0,0.0,0,0.1,0,0.0,0,0.0,0,0.0,0,0.1,0,0.0,0,0.1,0,0.0,0,0.2,0,0.1,0,0.0,1,0.0,1,0.0,1,0.0,1,0.0,1,0.0,1,0.0,1,0.0,1
0,142,6,20,50,59,166,2024-05-12,1.3,0,1.0,1,0,1.0907,22.3,70.94,1.3,0.0,0,0.0,0,0.0,0,0.0,0,0.0,0,0.0,0,0.0,0,0.0,0,0.2,0,0.2,0,0.2,0,0.0,0,0.0,0,0.0,0,0.0,0,0.4,0,0.2,0,0.0,0,0.0,0,0.0,0,0.1,0,0.0,0,0.0,0,0.0,0
0,144,6,20,58,172,127,2024-06-11,0.7,0,0.948,0,0,5.6894,25.28,76.47,1.64,0.0,0,0.0,0,0.0,0,0.0,0,0.0,0,0.0,0,0.0,0,0.0,0,0.3,0,0.0,0,0.0,0,0.1,0,0.1,0,0.0,0,0.0,0,0.0,0,0.0,0,0.1,0,0.0,0,0.1,0,0.0,0,0.0,0,0.0,0,0.0,0
0,145,5,18,80,86,12,2024-03-31,0.8,1,0.873,1,1,1.8228,15.47,83.14,1.46,0.0,0,0.0,0,0.0,0,0.0,0,0.0,0,0.0,0,0.0,0,0.0,0,0.0,0,0.2,0,0.1,0,0.0,0,0.0,0,0.1,0,0.0,0,0.1,0,0.1,0,0.1,0,0.0,0,0.0,0,0.1,0,0.0,1,0.0,1,0.0,1
0,146,6,10,33,83,253,2024-06-19,0.4,0,0.799,0,1,14.1908,26.03,82.89,1.71,0.0,0,0.0,0,0.0,0,0.0,0,0.0,0,0.0,0,0.0,0,0.1,0,0.0,0,0.0,0,0.1,0,0.1,0,0.0,0,0.0,0,0.0,0,0.0,0,0.1,0,0.0,0,0.0,0,0.0,0,0.0,0,0.0,0,0.0,0,0.0,0
0,146,5,16,25,103,296,2024-04-20,0.5,7,0.806,1,1,1.8065,18.32,75.02,2.15,0.0,1,0.0,1,0.0,1,0.0,1,0.0,1,0.0,0,0.1,0,0.1,0,0.0,0,0.0,0,0.0,0,0.0,0,0.0,0,0.2,0,0.1,0,0.0,1,0.0,1,0.0,1,0.0,1,0.0,1,0.0,1,0.0,1,0.0,1,0.0,1
0,146,6,4,53,77,774,2024-04-20,0.5,11,1.0,1,0,1.8065,18.32,75.02,2.15,0.0,0,0.0,0,0.1,0,0.0,0,0.0,0,0.0,0,0.0,0,0.0,0,0.0,0,0.2,0,0.2,0,0.0,1,0.0,1,0.0,1,0.0,1,0.0,1,0.0,1,0.0,1,0.0,1,0.0,1,0.0,1,0.0,1,0.0,1,0.0,1
0,146,6,4,53,77,774,2024-05-17,0.2,0,1.0,0,0,0.6131,22.8,70.39,2.11,0.0,0,0.0,0,0.0,0,0.0,0,0.0,0,0.0,0,0.0,0,0.0,0,0.0,0,0.0,0,0.0,0,0.0,0,0.0,0,0.0,0,0.0,0,0.0,0,0.0,0,0.0,0,0.0,0,0.0,0,0.2,0,0.0,0,0.0,0,0.0,0
0,147,6,8,29,113,201,2024-06-06,0.9,9,1.0,0,0,1.2084,24.89,78.03,1.44,0.0,1,0.0,1,0.0,1,0.0,1,0.0,1,0.0,1,0.0,0,0.1,0,0.0,0,0.1,0,0.4,0,0.1,0,0.2,0,0.0,1,0.0,1,0.0,1,0.0,1,0.0,1,0.0,1,0.0,1,0.0,1,0.0,1,0.0,1,0.0,1
0,148,2,0,19,135,53,2024-04-27,0.6,0,1.0,1,0,3.007,20.03,80.42,1.48,0.0,0,0.0,0,0.0,0,0.0,0,0.0,0,0.0,0,0.0,0,0.0,0,0.0,0,0.1,0,0.0,0,0.1,0,0.0,0,0.0,0,0.0,0,0.0,0,0.0,0,0.2,0,0.2,0,0.0,0,0.0,0,0.0,0,0.0,0,0.0,0
0,148,6,20,58,74,728,2024-06-18,0.5,8,1.0,0,0,12.9716,26.47,84.89,1.66,0.1,1,0.0,1,0.0,1,0.0,1,0.0,0,0.0,0,0.2,0,0.0,1,0.0,1,0.0,1,0.0,1,0.0,1,0.0,1,0.0,1,0.0,1,0.0,0,0.1,0,0.0,0,0.0,0,0.1,0,0.0,0,0.0,0,0.0,0,0.0,0
0,152,5,16,25,103,631,2024-04-27,1.67,0,0.966,1,0,3.4887,19.47,83.78,1.62,0.0,0,0.0,0,0.0,0,0.0,0,0.0,0,0.0,0,0.3,0,0.0,0,0.4,0,0.0,0,0.2,0,0.1,0,0.0,0,0.0,0,0.0,0,0.1,0,0.1,0,0.2,0,0.0,0,0.07,0,0.0,0,0.1,0,0.0,0,0.1,0
0,154,5,16,27,98,291,2024-06-13,0.6,0,1.0,0,0,7.2214,26.46,79.5,1.52,0.1,0,0.0,0,0.0,0,0.0,0,0.0,0,0.0,0,0.0,0,0.0,0,0.0,0,0.0,0,0.0,0,0.0,0,0.0,0,0.0,0,0.0,0,0.2,0,0.3,0,0.0,0,0.0,0,0.0,0,0.0,0,0.0,0,0.0,0,0.0,0
0,154,6,4,53,58,578,2024-06-02,1.7,9,0.908,1,1,1.764,23.6,69.71,1.52,0.0,1,0.0,0,0.0,0,0.0,0,0.0,0,0.0,0,0.0,0,0.2,0,0.2,0,0.6,0,0.4,0,0.2,0,0.1,0,0.0,1,0.0,1,0.0,1,0.0,1,0.0,1,0.0,1,0.0,1,0.0,1,0.0,1,0.0,1,0.0,1
0,155,2,29,76,60,580,2024-05-11,1.2,0,0.948,1,1,2.1751,21.67,71.76,1.35,0.0,0,0.0,0,0.0,0,0.0,0,0.0,0,0.0,0,0.0,0,0.0,0,0.1,0,0.1,0,0.0,0,0.0,0,0.2,0,0.0,0,0.0,0,0.1,0,0.1,0,0.2,0,0.1,0,0.3,0,0.0,0,0.0,0,0.0,0,0.0,0
0,157,5,16,25,103,296,2024-06-17,0.7,3,0.851,0,1,7.8801,27.25,77.97,1.57,0.0,0,0.0,0,0.0,0,0.0,0,0.0,0,0.0,0,0.0,0,0.0,0,0.1,0,0.0,0,0.0,0,0.0,0,0.0,0,0.0,0,0.0,0,0.1,0,0.0,0,0.2,0,0.3,0,0.0,1,0.0,1,0.0,1,0.0,1,0.0,1
0,159,6,10,38,173,682,2024-06-13,0.6,0,0.605,0,1,7.0204,26.51,79.14,1.8,0.0,0,0.0,0,0.0,0,0.0,0,0.0,0,0.2,0,0.1,0,0.0,0,0.0,0,0.1,0,0.0,0,0.0,0,0.0,0,0.0,0,0.1,0,0.0,0,0.0,0,0.1,0,0.0,0,0.0,0,0.0,0,0.0,0,0.0,0,0.0,0
0,162,6,20,50,229,847,2024-04-05,0.2,0,1.0,1,0,1.7078,17.05,72.2,1.41,0.0,0,0.0,0,0.0,0,0.0,0,0.0,0,0.0,0,0.0,0,0.0,0,0.1,0,0.0,0,0.0,0,0.0,0,0.0,0,0.0,0,0.0,0,0.0,0,0.1,0,0.0,0,0.0,0,0.0,0,0.0,0,0.0,0,0.0,0,0.0,0
0,165,6,4,28,216,71,2024-05-08,0.5,0,0.893,0,1,0.8384,21.66,64.55,1.68,0.0,1,0.0,1,0.0,1,0.0,1,0.0,1,0.0,1,0.0,0,0.0,0,0.0,0,0.0,0,0.1,0,0.0,0,0.0,0,0.0,0,0.1,0,0.0,0,0.1,0,0.1,0,0.0,0,0.0,0,0.1,0,0.0,0,0.0,0,0.0,0
0,167,5,15,42,89,58,2024-06-23,0.6,0,1.0,1,0,10.2588,26.98,84.75,1.32,0.0,0,0.0,0,0.0,0,0.0,0,0.0,0,0.0,0,0.0,0,0.0,0,0.0,0,0.1,0,0.2,0,0.0,0,0.0,0,0.0,0,0.0,0,0.0,0,0.2,0,0.1,0,0.0,0,0.0,0,0.0,0,0.0,0,0.0,0,0.0,0
0,168,6,4,28,168,554,2024-05-16,0.9,10,0.984,0,0,2.0523,23.75,68.14,1.49,0.0,1,0.0,1,0.0,1,0.0,1,0.0,1,0.0,0,0.0,0,0.3,0,0.2,0,0.0,0,0.3,0,0.1,0,0.0,1,0.0,1,0.0,1,0.0,1,0.0,1,0.0,1,0.0,1,0.0,1,0.0,1,0.0,1,0.0,1,0.0,1
0,173,6,4,28,81,19,2024-05-25,3.2,0,1.0,1,0,1.0091,23.76,66.95,1.98,0.0,0,0.0,0,0.0,0,0.0,0,0.0,0,0.1,0,0.1,0,0.2,0,1.6,0,0.2,0,0.4,0,0.1,0,0.0,0,0.0,0,0.3,0,0.1,0,0.0,0,0.0,0,0.0,0,0.1,0,0.0,0,0.0,0,0.0,0,0.0,0
0,174,6,10,33,83,253,2024-06-16,1.4,3,0.799,1,1,8.0346,27.05,80.6,1.46,0.0,1,0.0,1,0.0,1,0.0,0,0.0,0,0.0,0,0.4,0,0.2,0,0.0,0,0.3,0,0.1,0,0.1,0,0.0,0,0.1,0,0.0,0,0.0,0,0.0,0,0.0,0,0.1,0,0.0,1,0.0,1,0.0,1,0.1,1,0.0,1
0,174,6,20,50,24,300,2024-05-28,6.4,0,1.0,0,0,1.1369,22.76,67.31,1.62,0.0,1,0.0,1,0.0,1,0.0,1,0.0,1,0.2,0,0.6,0,0.8,0,0.7,0,0.8,0,0.6,0,0.5,0,0.3,0,0.1,0,0.4,0,0.3,0,0.3,0,0.4,0,0.1,0,0.1,0,0.1,0,0.0,0,0.1,0,0.0,0
0,176,6,8,29,113,77,2024-05-03,0.7,0,0.883,1,1,2.0389,20.86,75.73,1.27,0.0,0,0.0,0,0.0,0,0.0,0,0.0,0,0.0,0,0.0,0,0.0,0,0.0,0,0.1,0,0.1,0,0.1,0,0.1,0,0.0,0,0.0,0,0.1,0,0.1,0,0.0,0,0.0,0,0.0,0,0.0,0,0.0,0,0.0,0,0.1,0
0,177,0,28,72,154,834,2024-04-28,1.0,10,1.0,1,0,3.1535,20.66,76.54,1.78,0.0,1,0.0,1,0.0,1,0.0,1,0.0,1,0.0,1,0.0,0,0.1,0,0.3,0,0.2,0,0.1,0,0.3,0,0.0,1,0.0,1,0.0,1,0.0,1,0.0,1,0.0,1,0.0,1,0.0,1,0.0,1,0.0,1,0.0,1,0.0,1
0,178,6,20,58,172,17,2024-06-06,0.5,7,1.0,0,0,0.8064,25.35,73.07,1.78,0.0,1,0.0,1,0.0,0,0.0,0,0.0,0,0.0,0,0.1,0,0.0,0,0.1,0,0.0,0,0.0,0,0.1,0,0.0,0,0.1,0,0.1,0,0.0,1,0.0,1,0.0,1,0.0,1,0.0,1,0.0,1,0.0,1,0.0,1,0.0,1
0,179,2,31,79,128,387,2024-05-17,0.9,0,0.906,0,1,0.6136,22.8,70.42,2.11,0.0,0,0.0,0,0.0,0,0.0,0,0.0,0,0.1,0,0.0,0,0.0,0,0.1,0,0.2,0,0.1,0,0.0,0,0.2,0,0.0,0,0.0,0,0.0,0,0.0,0,0.1,0,0.0,0,0.0,0,0.1,0,0.0,0,0.0,0,0.0,0
0,181,6,21,61,223,93,2024-04-19,0.5,0,1.0,0,0,1.2851,18.38,74.99,1.71,0.0,0,0.0,0,0.0,0,0.0,0,0.0,0,0.0,0,0.0,0,0.0,0,0.2,0,0.0,0,0.0,0,0.0,0,0.0,0,0.0,0,0.0,0,0.1,0,0.0,0,0.1,0,0.0,0,0.0,0,0.1,0,0.0,0,0.0,0,0.0,0
0,182,5,18,80,112,368,2024-04-17,0.3,0,0.9,0,1,1.3586,18.64,80.51,1.71,0.0,0,0.0,0,0.0,0,0.0,0,0.0,0,0.0,0,0.0,0,0.0,0,0.0,0,0.0,0,0.0,0,0.0,0,0.0,0,0.0,0,0.1,0,0.1,0,0.0,0,0.1,0,0.0,0,0.0,0,0.0,0,0.0,0,0.0,0,0.0,0
0,182,5,18,80,86,560,2024-05-26,0.3,0,1.0,1,0,1.494,23.42,73.44,1.98,0.0,0,0.0,0,0.0,0,0.0,0,0.0,0,0.0,0,0.0,0,0.0,0,0.1,0,0.0,0,0.0,0,0.0,0,0.0,0,0.0,0,0.0,0,0.1,0,0.1,0,0.0,0,0.0,0,0.0,0,0.0,0,0.0,0,0.0,0,0.0,0
0,183,5,16,25,94,247,2024-04-14,0.6,8,1.0,1,1,3.1224,16.75,81.8,1.95,0.1,0,0.0,0,0.0,0,0.0,0,0.0,0,0.0,0,0.1,0,0.0,0,0.1,0,0.1,0,0.0,0,0.0,0,0.0,0,0.2,0,0.0,1,0.0,1,0.0,1,0.0,1,0.0,1,0.0,1,0.0,1,0.0,1,0.0,1,0.0,1
0,183,6,20,50,59,567,2024-05-15,1.6,0,0.781,0,1,1.4277,21.34,69.96,2.16,0.0,0,0.0,0,0.0,0,0.0,0,0.0,0,0.0,0,0.0,0,0.1,0,0.4,0,0.1,0,0.2,0,0.1,0,0.1,0,0.1,0,0.1,0,0.1,0,0.0,0,0.0,0,0.2,0,0.0,0,0.0,0,0.0,0,0.0,0,0.1,0
0,185,6,20,68,63,486,2024-04-05,0.6,0,1.0,1,0,1.4564,16.63,79.65,1.47,0.0,1,0.0,1,0.0,1,0.0,1,0.0,1,0.0,1,0.0,0,0.0,0,0.0,0,0.2,0,0.1,0,0.0,0,0.1,0,0.0,0,0.0,0,0.0,0,0.0,0,0.0,0,0.1,0,0.0,0,0.0,0,0.0,0,0.0,0,0.1,0
0,188,0,5,6,65,536,2024-06-05,0.5,0,0.922,0,1,1.5069,24.31,71.97,1.71,0.0,0,0.0,0,0.0,0,0.0,0,0.0,0,0.0,0,0.1,0,0.0,0,0.1,0,0.0,0,0.0,0,0.0,0,0.0,0,0.0,0,0.0,0,0.0,0,0.0,0,0.3,0,0.0,0,0.0,0,0.0,0,0.0,0,0.0,0,0.0,0
0,189,0,5,7,67,37,2024-04-01,0.0,0,1.0,0,0,3.6744,15.6,81.45,1.34,0.0,1,0.0,1,0.0,1,0.0,1,0.0,1,0.0,0,0.0,0,0.0,0,0.0,0,0.0,0,0.0,0,0.0,0,0.0,0,0.0,0,0.0,0,0.0,0,0.0,0,0.0,0,0.0,0,0.0,0,0.0,0,0.0,0,0.0,0,0.0,0
0,189,2,29,78,157,600,2024-06-20,3.1,0,0.967,0,0,10.5162,27.53,85.86,1.73,0.0,1,0.0,1,0.0,1,0.0,0,0.1,0,0.0,0,0.0,0,0.2,0,1.0,0,0.1,0,0.1,0,0.2,0,0.0,0,0.2,0,0.1,0,0.3,0,0.4,0,0.1,0,0.1,0,0.1,0,0.0,0,0.0,0,0.1,0,0.0,0
0,190,6,20,50,170,6,2024-06-18,1.4,4,0.555,0,1,12.9395,26.46,84.98,1.66,0.0,0,0.0,0,0.0,0,0.0,0,0.0,0,0.1,0,0.0,0,0.0,0,0.1,0,0.1,0,0.0,0,0.1,0,0.1,0,0.2,0,0.0,0,0.5,0,0.1,0,0.1,0,0.0,1,0.0,1,0.0,1,0.0,1,0.0,1,0.0,1
0,190,0,5,7,67,367,2024-04-22,0.6,0,0.83,0,1,2.0194,18.08,79.27,1.46,0.0,0,0.0,0,0.0,0,0.0,0,0.0,0,0.0,0,0.0,0,0.0,0,0.3,0,0.0,0,0.0,0,0.0,0,0.0,0,0.0,0,0.0,0,0.3,0,0.0,0,0.0,0,0.0,0,0.0,0,0.0,0,0.0,0,0.0,0,0.0,0
0,190,5,22,81,56,783,2024-04-05,0.3,0,0.803,1,1,1.7085,16.84,75.85,1.33,0.0,0,0.0,0,0.0,0,0.0,0,0.0,0,0.0,0,0.0,0,0.1,0,0.0,0,0.0,0,0.0,0,0.0,0,0.1,0,0.1,0,0.0,0,0.0,0,0.0,0,0.0,0,0.0,0,0.0,0,0.0,0,0.0,0,0.0,0,0.0,0
0,193,2,29,78,82,4,2024-04-17,3.0,5,0.893,0,0,1.3532,18.92,76.79,1.82,0.0,0,0.0,0,0.0,0,0.0,0,0.0,0,0.0,0,0.0,0,0.0,0,0.3,0,0.0,0,0.0,0,0.0,0,0.4,0,0.3,0,0.0,0,0.6,0,1.4,0,0.0,1,0.0,1,0.0,1,0.0,1,0.0,1,0.0,1,0.0,1
0,194,2,31,79,228,7,2024-05-18,0.5,0,1.0,1,0,1.5805,23.2,78.22,1.44,0.0,0,0.0,0,0.1,0,0.0,0,0.0,0,0.0,0,0.0,0,0.0,0,0.0,0,0.0,0,0.2,0,0.1,0,0.0,0,0.0,0,0.0,0,0.0,0,0.1,0,0.0,0,0.0,0,0.0,0,0.0,0,0.0,0,0.0,0,0.0,0
0,194,6,10,38,190,715,2024-05-16,0.2,0,1.0,0,0,1.4098,23.6,76.16,1.45,0.0,0,0.0,0,0.0,0,0.0,0,0.0,0,0.0,0,0.0,0,0.0,0,0.0,0,0.0,0,0.0,0,0.1,0,0.0,0,0.0,0,0.0,0,0.1,0,0.0,0,0.0,0,0.0,0,0.0,0,0.0,0,0.0,0,0.0,0,0.0,0
0,204,6,4,28,10,79,2024-06-22,0.5,0,0.721,1,1,7.9299,27.22,82.29,1.43,0.0,0,0.0,0,0.0,0,0.0,0,0.0,0,0.0,0,0.0,0,0.0,0,0.0,0,0.0,0,0.0,0,0.2,0,0.0,0,0.2,0,0.1,0,0.0,0,0.0,0,0.0,0,0.0,0,0.0,0,0.0,0,0.0,0,0.0,0,0.0,0
12,205,6,10,38,190,715,2024-06-11,0.3,6,1.0,0,0,7.8305,25.89,85.43,1.8,0.0,0,0.0,0,0.0,0,0.0,0,0.0,0,0.0,0,0.0,0,0.1,0,0.1,0,0.0,0,0.0,0,0.0,0,0.0,0,0.0,0,0.0,0,0.1,0,0.0,1,0.0,1,0.0,1,0.0,1,0.0,1,0.0,1,0.0,1,0.0,1
12,206,0,28,72,154,834,2024-05-18,0.5,16,1.0,1,0,0.9124,24.36,75.03,2.28,0.0,1,0.0,1,0.0,1,0.0,1,0.0,1,0.0,1,0.0,1,0.0,1,0.0,1,0.1,1,0.2,1,0.0,1,0.0,1,0.2,1,0.0,1,0.0,1,0.0,1,0.0,1,0.0,1,0.0,1,0.0,1,0.0,1,0.0,1,0.0,1
12,207,6,4,28,168,554,2024-04-04,0.6,7,0.866,1,1,2.2233,17.65,79.25,2.67,0.0,1,0.0,1,0.0,1,0.0,1,0.0,1,0.0,0,0.0,0,0.0,0,0.1,0,0.1,0,0.1,0,0.0,0,0.0,0,0.1,0,0.1,0,0.0,1,0.0,1,0.0,1,0.0,1,0.0,1,0.0,1,0.0,1,0.0,1,0.1,1
12,207,5,18,80,110,763,2024-04-20,0.5,0,0.884,1,1,2.9021,20.95,80.56,2.35,0.0,0,0.0,0,0.0,0,0.0,0,0.0,0,0.0,0,0.0,0,0.1,0,0.1,0,0.1,0,0.0,0,0.0,0,0.0,0,0.1,0,0.0,0,0.1,0,0.0,0,0.0,0,0.0,0,0.0,0,0.0,0,0.0,0,0.0,0,0.0,0
0,210,6,24,51,153,419,2024-06-13,0.3,0,1.0,0,0,7.5522,26.17,80.73,1.66,0.0,0,0.0,0,0.0,0,0.0,0,0.0,0,0.0,0,0.0,0,0.0,0,0.2,0,0.0,0,0.0,0,0.0,0,0.0,0,0.0,0,0.0,0,0.0,0,0.1,0,0.0,0,0.0,0,0.0,0,0.0,0,0.0,0,0.0,0,0.0,0
0,211,5,18,80,109,321,2024-04-07,0.7,0,0.934,0,1,2.0336,16.55,79.62,1.23,0.0,0,0.0,0,0.0,0,0.0,0,0.0,0,0.0,0,0.0,0,0.0,0,0.1,0,0.0,0,0.0,0,0.0,0,0.0,0,0.0,0,0.0,0,0.3,0,0.1,0,0.2,0,0.0,0,0.0,0,0.0,0,0.0,0,0.0,0,0.0,0
0,213,6,4,53,156,26,2024-04-20,0.5,0,0.909,1,1,1.5597,18.96,82.31,1.88,0.0,0,0.0,0,0.0,0,0.0,0,0.0,0,0.0,0,0.0,0,0.0,0,0.0,0,0.0,0,0.0,0,0.1,0,0.1,0,0.0,0,0.0,0,0.0,0,0.1,0,0.1,0,0.1,0,0.0,0,0.0,0,0.0,0,0.0,0,0.0,0
0,213,2,29,76,60,740,2024-06-24,0.5,4,0.95,0,1,11.2196,26.31,85.25,1.32,0.0,1,0.0,1,0.0,0,0.0,0,0.0,0,0.0,0,0.0,0,0.0,0,0.0,0,0.0,0,0.1,0,0.0,0,0.1,0,0.0,0,0.0,0,0.1,0,0.0,1,0.0,1,0.0,1,0.0,1,0.0,0,0.1,0,0.1,0,0.0,1
0,215,6,4,28,167,843,2024-04-23,0.5,7,0.902,0,1,1.3099,19.12,76.62,1.6,0.0,0,0.0,0,0.0,0,0.0,0,0.0,0,0.0,0,0.0,0,0.3,0,0.0,1,0.0,1,0.0,1,0.0,1,0.0,1,0.0,1,0.0,1,0.0,0,0.2,0,0.0,0,0.0,0,0.0,0,0.0,0,0.0,0,0.0,0,0.0,0
0,216,6,8,29,116,150,2024-05-27,0.3,11,1.0,0,0,2.1089,23.23,66.51,2.0,0.0,0,0.0,0,0.0,0,0.0,0,0.0,0,0.0,0,0.0,0,0.1,0,0.0,0,0.1,0,0.1,0,0.0,1,0.0,1,0.0,1,0.0,1,0.0,1,0.0,1,0.0,1,0.0,1,0.0,1,0.0,1,0.0,1,0.0,1,0.0,1
12,226,1,7,17,42,705,2024-05-10,0.4,0,0.875,0,1,2.0364,21.14,70.11,2.13,0.0,0,0.1,0,0.0,0,0.0,0,0.0,0,0.0,0,0.0,0,0.0,0,0.0,0,0.0,0,0.0,0,0.0,0,0.0,0,0.0,0,0.0,0,0.0,0,0.0,0,0.1,0,0.1,0,0.1,0,0.0,0,0.0,0,0.0,0,0.0,0
12,227,6,4,28,149,215,2024-06-08,4.0,0,0.599,1,1,3.8271,25.35,82.74,2.14,0.0,0,0.1,0,0.0,0,0.0,0,0.0,0,0.0,0,0.0,0,0.1,0,0.3,0,0.6,0,0.3,0,0.5,0,0.0,0,0.3,0,0.1,0,0.2,0,0.5,0,0.6,0,0.0,0,0.1,0,0.2,0,0.0,0,0.1,0,0.0,0
0,229,1,7,17,42,415,2024-04-23,0.5,0,0.952,0,0,1.3085,19.05,76.62,1.47,0.0,0,0.0,0,0.0,0,0.0,0,0.0,0,0.0,0,0.2,0,0.0,0,0.0,0,0.0,0,0.0,0,0.0,0,0.0,0,0.0,0,0.2,0,0.0,0,0.1,0,0.0,0,0.0,0,0.0,0,0.0,0,0.0,0,0.0,0,0.0,0
0,234,6,8,29,113,16,2024-05-01,1.1,0,0.882,1,1,2.2983,19.66,73.46,1.18,0.0,1,0.0,1,0.0,1,0.0,1,0.0,1,0.0,0,0.0,0,0.0,0,0.1,0,0.0,0,0.0,0,0.0,0,0.0,0,0.0,0,0.2,0,0.7,0,0.0,0,0.0,0,0.1,0,0.0,0,0.0,0,0.0,0,0.0,0,0.0,0
0,234,5,15,42,89,58,2024-04-08,0.8,4,1.0,0,0,1.4172,16.21,77.21,1.23,0.0,0,0.0,0,0.0,0,0.0,0,0.0,0,0.0,0,0.0,0,0.0,0,0.0,0,0.0,0,0.1,0,0.0,0,0.0,0,0.2,0,0.0,0,0.1,0,0.3,0,0.1,0,0.0,1,0.0,1,0.0,1,0.0,1,0.0,1,0.0,1
0,236,6,4,28,81,70,2024-05-07,3.0,1,1.0,0,0,0.7427,20.64,68.29,1.44,0.1,0,0.0,1,0.0,1,0.0,1,0.0,1,0.0,1,0.4,0,0.2,0,0.2,0,0.1,0,0.0,0,0.4,0,0.1,0,0.1,1,0.2,0,0.2,0,0.2,0,0.1,0,0.0,0,0.4,0,0.1,0,0.0,0,0.1,0,0.1,0
0,237,5,16,27,100,293,2024-06-16,0.3,11,1.0,1,0,8.051,26.59,81.48,1.52,0.0,1,0.0,1,0.0,1,0.0,1,0.0,1,0.0,0,0.0,0,0.1,0,0.0,0,0.0,0,0.2,0,0.0,1,0.0,1,0.0,1,0.0,1,0.0,1,0.0,1,0.0,1,0.0,1,0.0,1,0.0,1,0.0,1,0.0,1,0.0,1
0,238,6,4,28,1,117,2024-05-31,3.8,0,1.0,0,0,2.4575,23.66,67.25,1.93,0.0,1,0.0,1,0.0,1,0.0,1,0.0,1,0.0,1,0.3,0,0.2,0,0.3,0,0.5,0,0.4,0,0.3,0,0.0,0,0.0,0,0.1,0,0.4,0,0.2,0,0.1,0,0.2,0,0.4,0,0.3,0,0.1,0,0.0,0,0.0,0
0,238,6,21,61,215,222,2024-06-05,0.5,2,1.0,0,0,1.3085,24.24,71.43,1.84,0.0,1,0.0,1,0.0,1,0.0,1,0.1,1,0.0,1,0.0,0,0.0,0,0.0,0,0.0,0,0.0,0,0.2,0,0.0,0,0.0,0,0.0,0,0.0,0,0.0,0,0.0,0,0.0,0,0.2,0,0.0,1,0.0,1,0.0,1,0.0,1
0,239,6,20,50,229,212,2024-06-02,0.8,8,0.749,1,1,1.763,23.5,69.71,1.64,0.1,1,0.0,1,0.0,1,0.0,1,0.0,1,0.0,1,0.0,0,0.0,0,0.0,0,0.4,0,0.0,0,0.0,0,0.1,0,0.0,1,0.0,1,0.0,1,0.0,1,0.1,0,0.0,1,0.0,1,0.0,1,0.0,1,0.1,1,0.0,1
0,240,5,16,25,101,422,2024-05-08,0.1,0,1.0,0,0,0.8379,21.8,64.54,1.68,0.0,0,0.0,0,0.0,0,0.0,0,0.0,0,0.0,0,0.0,0,0.0,0,0.0,0,0.0,0,0.0,0,0.0,0,0.0,0,0.0,0,0.0,0,0.0,0,0.1,0,0.0,0,0.0,0,0.0,0,0.0,0,0.0,0,0.0,0,0.0,0
0,246,6,4,28,81,21,2024-06-05,0.8,0,0.912,0,1,1.3084,24.19,71.55,1.91,0.0,1,0.0,1,0.0,1,0.0,1,0.0,0,0.0,0,0.1,0,0.0,0,0.0,0,0.0,0,0.0,0,0.0,0,0.1,0,0.2,0,0.0,0,0.1,0,0.2,0,0.0,0,0.0,0,0.1,0,0.0,0,0.0,0,0.0,0,0.0,0
12,250,6,8,29,115,99,2024-06-08,0.6,0,0.896,1,1,4.0364,24.84,82.68,2.2,0.0,0,0.0,0,0.0,0,0.0,0,0.0,0,0.0,0,0.0,0,0.1,0,0.0,0,0.0,0,0.1,0,0.0,0,0.0,0,0.1,0,0.0,0,0.1,0,0.1,0,0.0,0,0.0,0,0.0,0,0.0,0,0.1,0,0.0,0,0.0,0
0,253,6,20,50,59,166,2024-06-06,2.1,10,1.0,0,0,0.7994,24.98,73.3,2.02,0.0,1,0.0,1,0.0,1,0.0,1,0.0,1,0.1,1,0.3,0,0.3,0,0.3,0,0.0,1,0.0,1,0.0,1,0.0,1,0.0,1,0.4,0,0.5,0,0.1,0,0.0,1,0.0,1,0.0,1,0.0,1,0.0,1,0.1,1,0.0,1
0,253,2,31,79,230,549,2024-05-18,2.1,0,1.0,1,0,0.6886,23.14,71.58,2.45,0.0,1,0.0,1,0.0,1,0.0,1,0.0,1,0.0,0,0.0,0,0.3,0,0.8,0,0.0,0,0.0,0,0.0,0,0.0,0,0.0,0,0.0,0,0.6,0,0.0,0,0.4,0,0.0,0,0.0,0,0.0,0,0.0,0,0.0,0,0.0,0
0,254,6,24,51,153,419,2024-05-20,0.3,0,1.0,0,0,1.0996,23.04,72.2,1.2,0.0,1,0.0,1,0.0,1,0.0,1,0.0,0,0.0,0,0.0,0,0.0,0,0.0,0,0.2,0,0.0,0,0.0,0,0.0,0,0.1,0,0.0,0,0.0,0,0.0,0,0.0,0,0.0,0,0.0,0,0.0,0,0.0,0,0.0,0,0.0,0
0,256,2,29,76,60,596,2024-04-02,0.4,6,1.0,0,0,3.2153,15.64,76.65,2.3,0.0,1,0.0,1,0.0,1,0.0,1,0.0,0,0.0,0,0.0,0,0.1,0,0.0,0,0.0,0,0.1,0,0.1,0,0.0,0,0.0,0,0.1,0,0.0,0,0.0,1,0.0,1,0.0,1,0.0,1,0.0,1,0.0,1,0.0,1,0.0,1
0,258,5,16,26,96,345,2024-04-29,0.2,0,0.866,0,1,2.3716,19.75,76.31,1.44,0.0,1,0.0,1,0.0,1,0.0,1,0.0,1,0.0,1,0.0,0,0.0,0,0.0,0,0.0,0,0.1,0,0.0,0,0.0,0,0.0,0,0.0,0,0.0,0,0.0,0,0.1,0,0.0,0,0.0,0,0.0,0,0.0,0,0.0,0,0.0,0
0,259,5,16,26,96,345,2024-04-02,0.5,2,0.799,0,1,3.0238,16.42,76.34,1.68,0.0,1,0.0,1,0.0,1,0.0,1,0.0,0,0.0,0,0.0,0,0.2,0,0.0,0,0.1,0,0.0,0,0.0,0,0.0,0,0.0,0,0.0,0,0.0,0,0.0,0,0.0,0,0.1,0,0.1,0,0.0,1,0.0,1,0.0,1,0.0,1
0,259,5,16,25,101,422,2024-04-03,0.2,11,1.0,0,0,1.9216,17.18,76.01,1.25,0.0,0,0.0,0,0.0,0,0.0,0,0.0,0,0.0,0,0.0,0,0.0,0,0.1,0,0.0,0,0.1,0,0.0,1,0.0,1,0.0,1,0.0,1,0.0,1,0.0,1,0.0,1,0.0,1,0.0,1,0.0,1,0.0,1,0.0,1,0.0,1
12,262,6,24,51,145,848,2024-05-21,0.3,4,1.0,0,0,2.6756,23.81,77.31,2.42,0.0,0,0.0,0,0.0,0,0.0,0,0.0,0,0.0,0,0.0,0,0.0,0,0.0,0,0.0,0,0.0,0,0.0,0,0.1,0,0.0,0,0.1,0,0.0,0,0.0,0,0.1,0,0.0,1,0.0,1,0.0,1,0.0,1,0.0,1,0.0,1
0,263,6,4,28,163,797,2024-04-29,1.3,7,0.565,0,1,2.3735,19.75,76.36,1.44,0.0,1,0.0,0,0.0,0,0.0,0,0.0,0,0.0,0,0.3,0,0.1,0,0.0,0,0.1,0,0.0,0,0.1,0,0.2,0,0.1,0,0.4,0,0.0,1,0.0,1,0.0,1,0.0,1,0.0,1,0.0,1,0.0,1,0.0,1,0.0,1
12,264,6,4,28,179,207,2024-05-13,0.1,0,1.0,0,0,1.6379,22.66,70.57,1.93,0.0,0,0.0,0,0.0,0,0.0,0,0.0,0,0.0,0,0.0,0,0.0,0,0.0,0,0.0,0,0.0,0,0.0,0,0.0,0,0.0,0,0.0,0,0.0,0,0.0,0,0.1,0,0.0,0,0.0,0,0.0,0,0.0,0,0.0,0,0.0,0
12,264,6,20,47,140,476,2024-05-23,0.2,13,0.935,0,0,4.1299,24.09,72.32,2.41,0.0,0,0.0,0,0.0,0,0.0,0,0.0,0,0.0,0,0.1,0,0.0,0,0.1,0,0.0,1,0.0,1,0.0,1,0.0,1,0.0,1,0.0,1,0.0,1,0.0,1,0.0,1,0.0,1,0.0,1,0.0,1,0.0,1,0.0,1,0.0,1
6,268,6,10,33,72,114,2024-06-16,0.4,0,1.0,1,0,5.4124,27.51,87.75,2.14,0.0,0,0.0,0,0.0,0,0.0,0,0.0,0,0.0,0,0.0,0,0.1,0,0.0,0,0.0,0,0.1,0,0.0,0,0.0,0,0.1,0,0.0,0,0.0,0,0.1,0,0.0,0,0.0,0,0.0,0,0.0,0,0.0,0,0.0,0,0.0,0
6,268,6,21,64,184,123,2024-04-03,0.4,0,1.0,0,0,2.239,17.55,83.0,2.69,0.0,0,0.0,0,0.0,0,0.0,0,0.0,0,0.0,0,0.0,0,0.0,0,0.0,0,0.2,0,0.2,0,0.0,0,0.0,0,0.0,0,0.0,0,0.0,0,0.0,0,0.0,0,0.0,0,0.0,0,0.0,0,0.0,0,0.0,0,0.0,0
2,270,0,28,3,7,381,2024-05-14,0.0,16,1.0,0,0,11.3334,26.14,76.06,1.27,0.0,1,0.0,1,0.0,1,0.0,1,0.0,1,0.0,1,0.0,1,0.0,1,0.0,1,0.0,1,0.0,1,0.0,1,0.0,1,0.0,1,0.0,1,0.0,1,0.0,1,0.0,1,0.0,1,0.0,1,0.0,1,0.0,1,0.0,1,0.0,0
0,271,6,4,28,180,118,2024-05-27,0.6,0,1.0,0,0,1.9158,22.9,66.59,2.0,0.0,0,0.0,0,0.0,0,0.0,0,0.0,0,0.0,0,0.0,0,0.1,0,0.1,0,0.0,0,0.0,0,0.0,0,0.0,0,0.2,0,0.0,0,0.0,0,0.0,0,0.0,0,0.2,0,0.0,0,0.0,0,0.0,0,0.0,0,0.0,0
0,271,6,4,53,58,578,2024-04-15,1.1,2,0.895,0,1,2.4408,18.33,75.99,1.67,0.0,0,0.0,0,0.0,0,0.0,0,0.0,0,0.0,0,0.0,0,0.0,0,0.1,0,0.1,0,0.0,0,0.1,0,0.1,0,0.1,0,0.1,0,0.0,0,0.3,0,0.0,0,0.0,0,0.1,0,0.0,1,0.0,1,0.1,1,0.0,1
5,272,0,28,72,154,834,2024-05-05,1.5,0,1.0,1,0,2.7286,20.22,74.47,2.9,0.0,1,0.0,1,0.0,1,0.0,1,0.0,0,0.0,0,0.0,0,0.0,0,0.1,0,0.2,0,0.1,0,0.0,0,0.2,0,0.0,0,0.0,0,0.0,0,0.2,0,0.2,0,0.2,0,0.2,0,0.0,0,0.0,0,0.0,0,0.1,0
16,276,6,21,61,223,93,2024-05-24,0.2,11,1.0,0,0,0.8798,24.25,65.54,1.39,0.0,1,0.0,1,0.0,1,0.0,1,0.0,0,0.0,0,0.1,0,0.0,0,0.0,0,0.0,0,0.1,0,0.0,1,0.0,1,0.0,1,0.0,1,0.0,1,0.0,1,0.0,1,0.0,1,0.0,1,0.0,1,0.0,1,0.0,1,0.0,1
16,277,0,5,7,66,802,2024-06-07,0.6,0,0.776,0,0,3.1997,26.49,70.72,1.93,0.0,0,0.0,0,0.0,0,0.0,0,0.0,0,0.0,0,0.0,0,0.0,0,0.0,0,0.2,0,0.0,0,0.0,0,0.0,0,0.0,0,0.0,0,0.2,0,0.0,0,0.0,0,0.0,0,0.0,0,0.0,0,0.2,0,0.0,0,0.0,0
16,278,6,24,69,139,645,2024-04-22,0.4,0,1.0,0,0,1.2226,18.7,77.64,1.37,0.0,0,0.0,0,0.1,0,0.0,0,0.0,0,0.0,0,0.0,0,0.0,0,0.0,0,0.1,0,0.0,0,0.0,0,0.0,0,0.0,0,0.0,0,0.0,0,0.1,0,0.0,0,0.1,0,0.0,0,0.0,0,0.0,0,0.0,0,0.0,0
16,279,4,23,10,17,644,2024-04-27,0.3,12,0.659,1,1,2.1567,20.26,75.17,1.06,0.0,1,0.0,1,0.0,1,0.0,1,0.0,1,0.0,0,0.0,0,0.0,0,0.2,0,0.1,0,0.0,1,0.0,1,0.0,1,0.0,1,0.0,1,0.0,1,0.0,1,0.0,1,0.0,1,0.0,1,0.0,1,0.0,1,0.0,1,0.0,1
0,282,6,20,50,229,212,2024-04-07,0.4,2,1.0,0,0,1.6259,17.13,79.33,1.18,0.0,1,0.0,1,0.0,1,0.0,0,0.0,0,0.0,0,0.1,0,0.1,0,0.0,0,0.1,0,0.0,0,0.0,0,0.0,0,0.0,0,0.0,0,0.0,0,0.0,0,0.0,0,0.0,0,0.1,0,0.0,1,0.0,1,0.0,1,0.0,1
16,283,6,24,69,78,481,2024-04-02,0.8,0,1.0,0,0,3.8733,17.04,77.57,2.41,0.0,0,0.0,0,0.0,0,0.0,0,0.0,0,0.0,0,0.0,0,0.0,0,0.0,0,0.0,0,0.1,0,0.1,0,0.2,0,0.0,0,0.1,0,0.2,0,0.0,0,0.0,0,0.0,0,0.0,0,0.0,0,0.1,0,0.0,0,0.0,0
16,283,6,21,64,184,806,2024-05-13,0.0,16,1.0,0,0,0.7225,23.03,65.17,1.52,0.0,1,0.0,1,0.0,1,0.0,1,0.0,1,0.0,1,0.0,1,0.0,1,0.0,1,0.0,1,0.0,1,0.0,1,0.0,1,0.0,1,0.0,1,0.0,1,0.0,1,0.0,1,0.0,1,0.0,1,0.0,1,0.0,1,0.0,1,0.0,1
0,284,6,21,64,123,259,2024-06-12,0.6,0,1.0,0,0,5.2626,26.34,83.82,1.44,0.0,1,0.0,1,0.0,1,0.0,1,0.0,1,0.0,0,0.0,0,0.1,0,0.0,0,0.0,0,0.0,0,0.1,0,0.0,0,0.1,0,0.0,0,0.1,0,0.0,0,0.0,0,0.1,0,0.1,0,0.0,0,0.0,0,0.0,0,0.0,0
0,284,0,28,72,218,411,2024-04-24,0.2,0,0.827,0,1,0.6007,19.28,81.1,1.51,0.0,0,0.0,0,0.0,0,0.0,0,0.0,0,0.0,0,0.0,0,0.0,0,0.1,0,0.0,0,0.0,0,0.0,0,0.1,0,0.0,0,0.0,0,0.0,0,0.0,0,0.0,0,0.0,0,0.0,0,0.0,0,0.0,0,0.0,0,0.0,0
0,284,0,5,6,65,467,2024-03-30,0.7,9,0.971,1,0,1.7482,16.19,81.35,1.7,0.0,1,0.0,1,0.0,1,0.0,1,0.0,0,0.0,0,0.0,0,0.0,0,0.1,0,0.0,0,0.0,0,0.0,0,0.6,0,0.0,1,0.0,1,0.0,1,0.0,1,0.0,1,0.0,1,0.0,1,0.0,1,0.0,1,0.0,1,0.0,1
14,286,5,16,25,103,631,2024-05-07,0.6,0,0.816,0,1,2.6991,21.44,76.7,2.33,0.0,1,0.0,1,0.0,1,0.0,1,0.0,1,0.0,1,0.0,0,0.1,0,0.1,0,0.0,0,0.0,0,0.0,0,0.0,0,0.0,0,0.0,0,0.2,0,0.0,0,0.0,0,0.0,0,0.0,0,0.0,0,0.2,0,0.0,0,0.0,0
0,288,6,4,28,168,554,2024-04-09,0.6,11,1.0,0,0,3.6441,16.7,77.32,2.14,0.0,0,0.0,0,0.0,0,0.0,0,0.0,0,0.0,0,0.1,0,0.0,0,0.1,0,0.1,0,0.3,0,0.0,1,0.0,1,0.0,1,0.0,1,0.0,1,0.0,1,0.0,1,0.0,1,0.0,1,0.0,1,0.0,1,0.0,0,0.0,0
4,290,2,29,76,60,580,2024-05-26,1.5,0,1.0,1,0,1.9049,24.24,62.95,1.98,0.0,0,0.0,0,0.0,0,0.0,0,0.0,0,0.0,0,0.0,0,0.1,0,0.0,0,0.5,0,0.4,0,0.0,0,0.0,0,0.0,0,0.0,0,0.1,0,0.0,0,0.3,0,0.1,0,0.0,0,0.0,0,0.0,0,0.0,0,0.0,0
0,291,6,21,61,215,222,2024-05-13,0.3,8,1.0,0,1,1.0697,22.29,65.87,1.71,0.0,0,0.0,0,0.0,0,0.0,0,0.0,0,0.0,0,0.0,0,0.1,0,0.0,0,0.0,0,0.0,0,0.1,0,0.0,0,0.1,0,0.0,1,0.0,1,0.0,1,0.0,1,0.0,1,0.0,1,0.0,1,0.0,1,0.0,1,0.0,1
10,297,5,16,25,103,631,2024-05-21,0.8,8,0.747,0,1,1.1768,25.94,61.28,1.4,0.0,0,0.0,0,0.0,0,0.0,0,0.0,0,0.0,0,0.0,0,0.0,0,0.2,0,0.0,0,0.0,0,0.1,0,0.4,0,0.1,0,0.0,1,0.0,1,0.0,1,0.0,1,0.0,1,0.0,1,0.0,1,0.0,1,0.0,1,0.0,1
10,297,6,21,64,19,691,2024-06-15,4.3,0,0.987,1,0,16.354,27.45,71.11,1.52,0.0,0,0.0,0,0.0,0,0.0,0,0.0,0,0.0,0,0.0,0,0.2,0,0.4,0,0.5,0,0.7,0,0.3,0,0.0,0,0.4,0,0.3,0,0.3,0,0.3,0,0.4,0,0.3,0,0.0,0,0.2,0,0.0,0,0.0,0,0.0,0
0,298,6,20,68,127,122,2024-06-21,2.6,0,1.0,0,0,5.2157,26.9,82.23,1.64,0.0,0,0.0,0,0.0,0,0.0,0,0.0,0,0.1,0,0.1,0,0.2,0,0.4,0,0.4,0,0.3,0,0.2,0,0.0,0,0.1,0,0.1,0,0.2,0,0.2,0,0.1,0,0.0,0,0.1,0,0.1,0,0.0,0,0.0,0,0.0,0
0,302,5,18,80,109,194,2024-05-23,0.7,7,1.0,0,0,1.5832,23.89,70.27,1.52,0.0,0,0.0,0,0.0,0,0.0,0,0.0,0,0.0,0,0.0,0,0.0,0,0.0,0,0.1,0,0.2,0,0.0,0,0.1,0,0.0,0,0.3,0,0.0,1,0.0,1,0.0,1,0.0,1,0.0,1,0.0,1,0.0,1,0.0,1,0.0,1
4,304,5,16,25,94,638,2024-04-14,0.6,9,0.836,1,1,2.3563,18.13,77.02,2.6,0.0,0,0.0,0,0.0,0,0.0,0,0.0,0,0.0,0,0.1,0,0.1,0,0.0,0,0.2,0,0.0,0,0.1,0,0.1,0,0.0,1,0.0,1,0.0,1,0.0,1,0.0,1,0.0,1,0.0,1,0.0,1,0.0,1,0.0,1,0.0,1
0,305,6,20,68,127,122,2024-06-21,3.4,4,0.995,0,0,5.246,27.03,82.18,1.43,0.0,0,0.0,0,0.0,0,0.0,0,0.0,0,0.1,0,0.0,0,0.6,0,0.6,0,0.1,0,0.4,0,0.4,0,0.0,0,0.3,0,0.3,0,0.2,0,0.1,0,0.2,0,0.0,1,0.0,1,0.0,1,0.0,1,0.0,1,0.1,1
0,305,5,16,25,101,422,2024-04-15,0.6,6,1.0,0,0,2.4389,18.43,76.04,1.55,0.0,0,0.0,0,0.0,0,0.0,0,0.0,0,0.0,0,0.0,0,0.0,0,0.0,0,0.0,0,0.0,0,0.1,0,0.1,0,0.2,0,0.0,0,0.2,0,0.0,1,0.0,1,0.0,1,0.0,1,0.0,1,0.0,1,0.0,1,0.0,1
0,307,6,8,29,113,76,2024-06-20,1.8,0,1.0,0,0,9.7215,27.56,86.73,1.86,0.0,0,0.0,0,0.0,0,0.0,0,0.0,0,0.0,0,0.1,0,0.0,0,0.2,0,0.0,0,0.2,0,0.5,0,0.1,0,0.0,0,0.1,0,0.1,0,0.0,0,0.1,0,0.1,0,0.0,0,0.1,0,0.1,0,0.1,0,0.0,0
0,309,6,4,28,81,19,2024-05-10,2.5,0,1.0,0,0,1.6216,21.01,65.07,1.34,0.0,1,0.1,1,0.0,0,0.1,0,0.2,0,0.0,0,0.0,0,0.0,0,0.0,0,0.4,0,0.3,0,0.1,0,0.1,0,0.1,0,0.1,0,0.1,0,0.3,0,0.2,0,0.0,0,0.2,0,0.1,0,0.0,0,0.0,0,0.1,0
0,309,6,4,28,1,117,2024-04-27,4.1,11,1.0,1,0,1.3717,20.3,75.39,1.47,0.1,1,0.0,1,0.0,1,0.0,1,0.0,1,0.0,0,0.2,0,0.6,0,0.4,0,1.7,0,0.9,0,0.0,1,0.0,1,0.0,1,0.0,1,0.0,1,0.0,1,0.0,1,0.0,1,0.0,1,0.2,1,0.0,1,0.0,1,0.0,1
0,309,6,4,28,180,118,2024-06-22,1.1,0,1.0,1,0,7.9425,27.22,82.12,1.44,0.0,0,0.0,0,0.0,0,0.0,0,0.0,0,0.0,0,0.0,0,0.0,0,0.0,0,0.2,0,0.2,0,0.0,0,0.0,0,0.0,0,0.0,0,0.0,0,0.1,0,0.2,0,0.1,0,0.0,0,0.1,0,0.0,0,0.0,0,0.2,0
0,309,6,4,53,77,774,2024-06-16,0.6,12,0.888,1,1,8.0459,26.98,80.37,1.52,0.0,1,0.0,1,0.0,0,0.0,0,0.0,0,0.0,0,0.0,0,0.2,0,0.1,0,0.3,0,0.0,1,0.0,1,0.0,1,0.0,1,0.0,1,0.0,1,0.0,1,0.0,1,0.0,1,0.0,1,0.0,1,0.0,1,0.0,1,0.0,1
13,310,5,16,27,100,402,2024-06-18,0.4,9,1.0,0,0,1.6891,29.38,80.81,1.42,0.0,1,0.0,1,0.0,1,0.0,1,0.0,1,0.0,1,0.0,0,0.0,0,0.1,0,0.2,0,0.0,0,0.0,0,0.1,0,0.0,1,0.0,1,0.0,1,0.0,1,0.0,1,0.0,1,0.0,1,0.0,1,0.0,1,0.0,1,0.0,1
13,310,5,16,25,94,522,2024-05-24,0.4,0,1.0,0,0,6.988,25.21,86.88,1.93,0.0,0,0.0,0,0.0,0,0.0,0,0.0,0,0.0,0,0.0,0,0.2,0,0.0,0,0.1,0,0.0,0,0.0,0,0.0,0,0.0,0,0.0,0,0.1,0,0.0,0,0.0,0,0.0,0,0.0,0,0.0,0,0.0,0,0.0,0,0.0,0
0,312,6,8,29,113,108,2024-06-10,0.2,11,0.759,1,1,5.0319,25.87,75.07,1.86,0.0,1,0.0,1,0.0,1,0.0,1,0.0,1,0.0,1,0.0,0,0.0,0,0.0,0,0.0,0,0.2,0,0.0,1,0.0,1,0.0,1,0.0,1,0.0,1,0.0,1,0.0,1,0.0,1,0.0,1,0.0,1,0.0,1,0.0,1,0.0,1
0,314,6,20,58,172,223,2024-05-13,0.5,9,0.851,0,1,1.0678,22.29,65.84,1.71,0.0,1,0.0,1,0.0,1,0.0,1,0.0,1,0.0,1,0.0,1,0.0,1,0.0,1,0.0,1,0.0,1,0.0,1,0.0,1,0.0,1,0.2,1,0.1,0,0.1,0,0.0,0,0.0,0,0.0,0,0.1,0,0.0,0,0.0,0,0.0,0
12,319,5,16,25,101,804,2024-05-31,0.3,0,1.0,0,0,3.0722,23.29,74.75,2.27,0.0,1,0.0,1,0.0,1,0.0,1,0.0,1,0.0,1,0.0,0,0.1,0,0.0,0,0.0,0,0.1,0,0.1,0,0.0,0,0.0,0,0.0,0,0.0,0,0.0,0,0.0,0,0.0,0,0.0,0,0.0,0,0.0,0,0.0,0,0.0,0
16,324,3,25,71,213,655,2024-05-02,1.3,0,1.0,1,0,1.901,21.43,73.67,1.32,0.0,0,0.0,0,0.0,0,0.0,0,0.0,0,0.0,0,0.1,0,0.1,0,0.1,0,0.1,0,0.2,0,0.1,0,0.0,0,0.1,0,0.0,0,0.2,0,0.1,0,0.1,0,0.0,0,0.0,0,0.0,0,0.0,0,0.1,0,0.0,0
11,326,6,21,64,123,489,2024-04-20,0.3,0,1.0,1,0,1.1272,19.65,76.72,1.66,0.0,0,0.0,0,0.0,0,0.0,0,0.0,0,0.0,0,0.0,0,0.0,0,0.0,0,0.0,0,0.1,0,0.0,0,0.0,0,0.0,0,0.0,0,0.0,0,0.0,0,0.0,0,0.1,0,0.1,0,0.0,0,0.0,0,0.0,0,0.0,0
4,328,5,16,25,94,638,2024-04-26,0.1,0,1.0,0,0,2.331,20.57,73.2,2.24,0.0,0,0.0,0,0.0,0,0.0,0,0.0,0,0.1,0,0.0,0,0.0,0,0.0,0,0.0,0,0.0,0,0.0,0,0.0,0,0.0,0,0.0,0,0.0,0,0.0,0,0.0,0,0.0,0,0.0,0,0.0,0,0.0,0,0.0,0,0.0,0
16,330,6,10,33,181,129,2024-06-16,0.0,16,1.0,1,0,8.3159,27.41,79.43,1.66,0.0,1,0.0,1,0.0,1,0.0,1,0.0,1,0.0,1,0.0,1,0.0,1,0.0,1,0.0,1,0.0,1,0.0,1,0.0,1,0.0,1,0.0,1,0.0,1,0.0,1,0.0,1,0.0,1,0.0,1,0.0,1,0.0,1,0.0,1,0.0,1
16,330,2,29,76,60,596,2024-04-30,0.6,7,0.893,0,1,3.0068,20.22,73.65,2.07,0.0,1,0.0,1,0.0,1,0.0,1,0.0,1,0.0,1,0.0,0,0.2,0,0.1,0,0.0,0,0.0,0,0.0,0,0.0,0,0.2,0,0.1,0,0.0,1,0.0,1,0.0,1,0.0,1,0.0,1,0.0,1,0.0,1,0.0,1,0.0,1
16,333,5,16,25,105,633,2024-05-12,0.5,6,0.719,1,1,0.6238,22.65,65.82,1.46,0.0,1,0.0,1,0.0,1,0.0,1,0.0,1,0.0,1,0.0,0,0.0,0,0.0,0,0.0,0,0.1,0,0.0,0,0.0,0,0.0,0,0.0,0,0.0,0,0.4,1,0.0,1,0.0,1,0.0,1,0.0,1,0.0,1,0.0,1,0.0,1
0,335,6,4,28,168,554,2024-04-22,0.8,0,0.96,0,0,2.0391,17.99,77.43,1.3,0.0,1,0.0,1,0.0,1,0.0,1,0.0,0,0.0,0,0.0,0,0.0,0,0.1,0,0.0,0,0.2,0,0.1,0,0.0,0,0.1,0,0.0,0,0.0,0,0.1,0,0.0,0,0.1,0,0.0,0,0.0,0,0.1,0,0.0,0,0.0,0
0,335,2,31,79,230,688,2024-04-20,1.2,0,0.849,1,1,1.7998,18.63,74.94,1.89,0.0,0,0.0,0,0.0,0,0.0,0,0.0,0,0.0,0,0.3,0,0.2,0,0.1,0,0.0,0,0.1,0,0.0,0,0.0,0,0.1,0,0.0,0,0.0,0,0.2,0,0.2,0,0.0,0,0.0,0,0.0,0,0.0,0,0.0,0,0.0,0
16,340,3,25,71,213,656,2024-05-12,0.8,0,1.0,1,0,0.7744,22.93,65.45,1.66,0.0,1,0.0,1,0.0,1,0.0,1,0.0,1,0.0,0,0.0,0,0.0,0,0.0,0,0.1,0,0.0,0,0.0,0,0.1,0,0.3,0,0.0,0,0.1,0,0.0,0,0.0,0,0.0,0,0.1,0,0.1,0,0.0,0,0.0,0,0.0,0
12,342,6,4,28,168,810,2024-05-10,0.4,12,0.631,0,1,1.4065,21.21,70.36,2.27,0.0,1,0.0,1,0.0,1,0.0,1,0.0,1,0.0,1,0.0,0,0.0,0,0.1,0,0.3,0,0.0,1,0.0,1,0.0,1,0.0,1,0.0,1,0.0,1,0.0,1,0.0,1,0.0,1,0.0,1,0.0,1,0.0,1,0.0,1,0.0,1
13,346,6,10,33,181,305,2024-05-18,0.6,0,1.0,1,0,10.4128,26.08,87.28,1.1,0.0,0,0.0,0,0.0,0,0.0,0,0.0,0,0.0,0,0.0,0,0.1,0,0.2,0,0.0,0,0.0,0,0.0,0,0.0,0,0.0,0,0.0,0,0.0,0,0.1,0,0.1,0,0.1,0,0.0,0,0.0,0,0.0,0,0.0,0,0.0,0
13,346,5,16,27,100,535,2024-05-20,1.0,6,0.814,0,1,15.9695,26.37,89.84,1.19,0.0,1,0.0,1,0.0,1,0.0,1,0.0,1,0.0,1,0.0,0,0.4,0,0.2,0,0.0,0,0.2,0,0.1,0,0.0,0,0.0,0,0.0,0,0.1,0,0.0,1,0.0,1,0.0,1,0.0,1,0.0,1,0.0,1,0.0,1,0.0,1
6,347,5,16,27,98,224,2024-06-22,1.1,1,0.847,1,1,5.4413,28.42,85.34,1.79,0.0,1,0.0,1,0.0,1,0.0,1,0.0,1,0.0,0,0.0,0,0.0,0,0.1,0,0.0,0,0.0,0,0.1,0,0.1,0,0.3,0,0.4,0,0.1,0,0.0,0,0.0,0,0.0,0,0.0,0,0.0,0,0.0,1,0.0,1,0.0,1
2,354,5,16,27,98,521,2024-06-09,1.4,0,1.0,1,0,5.675,28.73,79.26,1.25,0.0,0,0.0,0,0.0,0,0.0,0,0.0,0,0.0,0,0.0,0,0.0,0,0.0,0,0.2,0,0.2,0,0.4,0,0.0,0,0.2,0,0.0,0,0.1,0,0.0,0,0.3,0,0.0,0,0.0,0,0.0,0,0.0,0,0.0,0,0.0,0
16,355,1,7,17,49,34,2024-05-28,1.2,0,0.891,0,1,1.4394,23.35,63.68,1.62,0.0,1,0.0,1,0.0,1,0.0,0,0.0,0,0.0,0,0.0,0,0.0,0,0.1,0,0.2,0,0.2,0,0.2,0,0.0,0,0.1,0,0.0,0,0.1,0,0.1,0,0.0,0,0.0,0,0.0,0,0.0,0,0.1,0,0.1,0,0.0,1
16,355,2,31,79,128,387,2024-05-24,0.4,0,0.997,0,0,0.8799,24.18,64.71,1.8,0.0,1,0.0,1,0.0,1,0.0,0,0.0,0,0.1,0,0.0,0,0.0,0,0.1,0,0.0,0,0.0,0,0.0,0,0.0,0,0.0,0,0.0,0,0.0,0,0.0,0,0.0,0,0.1,0,0.0,0,0.0,0,0.1,0,0.0,0,0.0,0
16,355,0,5,6,65,467,2024-03-29,0.0,16,1.0,0,0,2.7545,15.44,78.68,1.75,0.0,1,0.0,1,0.0,1,0.0,1,0.0,1,0.0,1,0.0,1,0.0,1,0.0,1,0.0,1,0.0,1,0.0,1,0.0,1,0.0,1,0.0,1,0.0,1,0.0,1,0.0,1,0.0,1,0.0,1,0.0,1,0.0,1,0.0,1,0.0,1
16,355,2,31,79,227,670,2024-04-30,0.6,1,0.811,0,1,2.7335,20.11,74.13,2.32,0.0,1,0.0,1,0.0,1,0.0,1,0.0,0,0.0,0,0.0,0,0.0,0,0.0,0,0.0,0,0.0,0,0.0,0,0.0,0,0.3,0,0.0,0,0.1,0,0.0,0,0.0,0,0.0,0,0.0,0,0.2,0,0.0,1,0.0,1,0.0,1
12,357,3,25,71,213,656,2024-06-04,0.7,0,1.0,0,0,3.0447,24.86,76.59,1.8,0.0,0,0.0,0,0.0,0,0.0,0,0.0,0,0.0,0,0.0,0,0.0,0,0.0,0,0.0,0,0.1,0,0.0,0,0.2,0,0.0,0,0.0,0,0.1,0,0.1,0,0.1,0,0.1,0,0.0,0,0.0,0,0.0,0,0.0,0,0.0,0
11,361,6,4,28,142,351,2024-06-05,0.4,3,1.0,0,0,0.4086,26.24,68.14,1.57,0.0,1,0.0,1,0.0,1,0.0,1,0.0,1,0.0,1,0.0,0,0.0,0,0.0,0,0.0,0,0.1,0,0.0,0,0.1,0,0.0,0,0.1,0,0.0,0,0.0,0,0.0,0,0.1,0,0.0,1,0.0,1,0.0,1,0.0,1,0.0,1
12,364,6,21,61,224,60,2024-04-26,0.2,0,0.86,0,1,6.0889,21.24,79.34,2.27,0.0,0,0.0,0,0.0,0,0.0,0,0.0,0,0.0,0,0.0,0,0.0,0,0.0,0,0.0,0,0.0,0,0.1,0,0.0,0,0.0,0,0.0,0,0.0,0,0.0,0,0.0,0,0.0,0,0.0,0,0.1,0,0.0,0,0.0,0,0.0,0
16,365,0,28,72,154,834,2024-03-28,0.3,16,1.0,0,0,1.7447,16.75,76.06,1.37,0.0,1,0.0,1,0.0,1,0.0,1,0.0,1,0.0,1,0.0,1,0.0,1,0.0,1,0.0,1,0.2,1,0.0,1,0.0,1,0.0,1,0.0,1,0.0,1,0.1,1,0.0,1,0.0,1,0.0,1,0.0,1,0.0,1,0.0,1,0.0,1
16,365,0,28,72,154,834,2024-05-18,1.5,8,0.98,1,0,0.9694,23.89,69.05,1.41,0.0,1,0.0,1,0.0,1,0.0,1,0.0,1,0.0,1,0.2,0,0.1,0,0.1,0,0.1,0,0.0,0,0.1,0,0.3,0,0.1,0,0.0,1,0.0,1,0.0,1,0.3,1,0.1,1,0.0,1,0.0,1,0.0,1,0.1,1,0.0,1
12,366,5,16,27,104,635,2024-05-25,0.5,1,0.913,1,0,1.9673,24.37,73.62,2.0,0.0,1,0.0,1,0.0,1,0.0,1,0.0,1,0.0,1,0.0,0,0.0,0,0.1,0,0.1,0,0.2,0,0.0,0,0.0,0,0.0,0,0.0,0,0.0,0,0.0,0,0.0,0,0.0,0,0.0,0,0.1,0,0.0,1,0.0,1,0.0,1
0,368,6,4,28,1,117,2024-05-24,2.5,0,1.0,0,0,0.3754,23.52,66.34,1.66,0.0,0,0.1,0,0.0,0,0.1,0,0.0,0,0.0,0,0.0,0,0.3,0,0.0,0,0.1,0,0.2,0,0.4,0,0.2,0,0.2,0,0.0,0,0.1,0,0.3,0,0.2,0,0.0,0,0.1,0,0.0,0,0.2,0,0.0,0,0.0,0
0,368,5,16,25,105,290,2024-05-19,0.4,0,1.0,1,0,2.2926,24.37,73.35,1.3,0.0,0,0.0,0,0.1,0,0.0,0,0.0,0,0.0,0,0.0,0,0.0,0,0.0,0,0.0,0,0.0,0,0.0,0,0.2,0,0.0,0,0.0,0,0.0,0,0.0,0,0.0,0,0.1,0,0.0,0,0.0,0,0.0,0,0.0,0,0.0,0
0,370,6,4,28,81,19,2024-04-29,0.5,12,1.0,0,0,2.3704,20.43,76.24,1.61,0.0,1,0.0,1,0.0,1,0.0,1,0.0,1,0.2,1,0.1,0,0.0,0,0.1,0,0.1,0,0.0,1,0.0,1,0.0,1,0.0,1,0.0,1,0.0,1,0.0,1,0.0,1,0.0,1,0.0,1,0.0,1,0.0,1,0.0,1,0.0,1
0,371,6,4,53,58,23,2024-05-26,0.4,0,1.0,1,0,0.8559,22.64,67.17,1.98,0.1,0,0.0,0,0.0,0,0.0,0,0.0,0,0.0,0,0.0,0,0.0,0,0.0,0,0.0,0,0.1,0,0.1,0,0.1,0,0.0,0,0.0,0,0.0,0,0.0,0,0.0,0,0.0,0,0.0,0,0.0,0,0.0,0,0.0,0,0.0,0
0,373,6,20,50,24,300,2024-04-13,2.4,11,1.0,1,0,1.947,18.77,80.89,1.68,0.0,0,0.0,0,0.0,0,0.0,0,0.0,0,0.1,0,0.2,0,0.6,0,0.6,0,0.6,0,0.3,0,0.0,1,0.0,1,0.0,1,0.0,1,0.0,1,0.0,1,0.0,1,0.0,1,0.0,1,0.0,1,0.0,1,0.0,1,0.0,1
0,373,6,20,50,59,567,2024-04-06,0.2,0,0.822,1,1,2.8094,17.17,78.33,1.51,0.0,0,0.0,0,0.0,0,0.0,0,0.0,0,0.0,0,0.0,0,0.0,0,0.0,0,0.0,0,0.1,0,0.0,0,0.0,0,0.0,0,0.0,0,0.0,0,0.0,0,0.1,0,0.0,0,0.0,0,0.0,0,0.0,0,0.0,0,0.0,0
12,376,0,28,3,7,381,2024-04-16,0.0,16,1.0,0,0,5.4845,20.01,78.14,2.48,0.0,1,0.0,1,0.0,1,0.0,1,0.0,1,0.0,1,0.0,1,0.0,1,0.0,1,0.0,1,0.0,1,0.0,1,0.0,1,0.0,1,0.0,1,0.0,1,0.0,1,0.0,1,0.0,1,0.0,1,0.0,1,0.0,1,0.0,1,0.0,1
12,377,6,4,28,131,190,2024-06-01,0.7,0,0.925,1,1,3.9367,23.24,77.16,1.52,0.0,0,0.0,0,0.0,0,0.0,0,0.0,0,0.0,0,0.0,0,0.1,0,0.0,0,0.1,0,0.2,0,0.0,0,0.0,0,0.0,0,0.1,0,0.0,0,0.1,0,0.0,0,0.0,0,0.0,0,0.1,0,0.0,0,0.0,0,0.0,0
12,379,6,10,33,177,116,2024-05-19,0.9,0,1.0,1,0,2.0016,24.74,75.75,2.43,0.0,0,0.0,0,0.0,0,0.0,0,0.0,0,0.0,0,0.0,0,0.1,0,0.1,0,0.3,0,0.1,0,0.1,0,0.0,0,0.0,0,0.0,0,0.0,0,0.1,0,0.0,0,0.0,0,0.1,0,0.0,0,0.0,0,0.0,0,0.0,0
12,379,0,28,72,154,835,2024-05-16,0.8,16,1.0,0,0,2.2738,24.1,72.1,2.06,0.0,1,0.0,1,0.0,1,0.0,1,0.0,1,0.0,1,0.0,1,0.0,1,0.0,1,0.0,1,0.4,1,0.0,1,0.0,1,0.0,1,0.0,1,0.0,1,0.0,1,0.0,1,0.2,1,0.0,1,0.0,1,0.0,1,0.2,1,0.0,1
1,381,6,10,33,181,305,2024-06-12,0.2,0,1.0,0,0,9.7359,28.1,83.17,1.44,0.0,0,0.0,0,0.0,0,0.0,0,0.0,0,0.0,0,0.0,0,0.1,0,0.0,0,0.0,0,0.0,0,0.0,0,0.0,0,0.0,0,0.0,0,0.0,0,0.0,0,0.1,0,0.0,0,0.0,0,0.0,0,0.0,0,0.0,0,0.0,0
0,382,2,29,78,157,600,2024-04-24,0.9,8,1.0,0,0,0.7678,19.69,75.28,1.38,0.0,1,0.0,1,0.0,1,0.0,0,0.0,0,0.0,0,0.2,0,0.2,0,0.1,0,0.0,0,0.2,0,0.1,0,0.0,0,0.1,0,0.0,1,0.0,1,0.0,1,0.0,1,0.0,1,0.0,1,0.0,1,0.0,1,0.0,1,0.0,1
12,383,6,4,53,77,90,2024-06-25,2.5,5,0.696,0,1,11.1936,28.23,85.47,1.86,0.0,0,0.0,0,0.0,0,0.0,0,0.0,0,0.0,0,0.0,0,0.1,0,0.2,0,0.1,0,0.2,0,0.0,0,0.7,0,0.2,0,0.3,0,0.4,0,0.3,0,0.0,1,0.0,1,0.0,1,0.0,1,0.0,1,0.0,1,0.0,1
0,386,6,4,28,81,19,2024-05-08,1.1,0,1.0,0,0,0.8383,21.8,64.55,1.88,0.1,0,0.0,0,0.0,0,0.0,0,0.0,0,0.0,0,0.1,0,0.0,0,0.0,0,0.1,0,0.1,0,0.1,0,0.1,0,0.0,0,0.1,0,0.0,0,0.1,0,0.2,0,0.0,0,0.0,0,0.0,0,0.1,0,0.0,0,0.0,0
4,389,6,8,29,113,76,2024-06-05,0.4,11,1.0,0,0,0.0,25.8,64.23,1.8,0.0,1,0.0,1,0.0,1,0.0,1,0.0,0,0.0,0,0.0,0,0.0,0,0.2,0,0.1,0,0.1,0,0.0,1,0.0,1,0.0,1,0.0,1,0.0,1,0.0,1,0.0,1,0.0,1,0.0,1,0.0,1,0.0,1,0.0,1,0.0,1
12,391,6,4,28,81,191,2024-05-02,2.6,0,1.0,1,0,2.0974,21.56,76.45,2.29,0.0,0,0.0,0,0.0,0,0.0,0,0.0,0,0.0,0,0.0,0,0.1,0,0.0,0,0.3,0,0.4,0,0.1,0,0.1,0,0.0,0,0.1,0,0.0,0,0.1,0,0.3,0,0.3,0,0.2,0,0.5,0,0.1,0,0.0,0,0.0,0
12,391,6,4,28,168,810,2024-06-15,1.0,4,0.657,1,1,8.7888,27.08,82.98,2.07,0.0,0,0.0,0,0.0,0,0.0,0,0.0,0,0.0,0,0.0,0,0.0,0,0.1,0,0.1,0,0.4,0,0.0,0,0.0,0,0.0,0,0.0,0,0.0,0,0.1,0,0.3,0,0.0,1,0.0,1,0.0,1,0.0,1,0.0,1,0.0,1
16,395,6,20,68,18,479,2024-04-10,0.6,8,0.825,0,1,2.3007,17.62,78.23,1.45,0.0,0,0.0,0,0.0,0,0.0,0,0.0,0,0.0,0,0.0,1,0.1,1,0.2,0,0.0,0,0.0,0,0.0,0,0.0,0,0.1,0,0.1,0,0.1,0,0.0,1,0.0,1,0.0,1,0.0,1,0.0,1,0.0,1,0.0,1,0.0,1
0,402,6,4,28,216,20,2024-04-03,0.9,0,1.0,0,0,1.7182,16.2,76.17,1.46,0.0,0,0.0,0,0.0,0,0.0,0,0.0,0,0.0,0,0.1,0,0.0,0,0.0,0,0.1,0,0.1,0,0.0,0,0.1,0,0.0,0,0.0,0,0.1,0,0.1,0,0.2,0,0.0,0,0.1,0,0.0,0,0.0,0,0.0,0,0.0,0
0,402,5,18,80,109,194,2024-05-07,0.37,1,1.0,0,0,0.5384,20.61,68.16,1.41,0.0,0,0.0,0,0.0,0,0.0,0,0.0,0,0.0,0,0.0,0,0.0,0,0.0,0,0.0,0,0.0,0,0.0,0,0.1,0,0.1,0,0.0,0,0.0,0,0.0,0,0.0,0,0.0,0,0.07,0,0.1,0,0.0,1,0.0,1,0.0,1
13,403,2,29,76,231,73,2024-06-07,0.4,2,1.0,0,0,8.3014,27.65,83.85,1.59,0.0,0,0.0,0,0.0,0,0.0,0,0.0,0,0.0,0,0.0,0,0.0,0,0.0,0,0.0,0,0.0,0,0.0,0,0.0,0,0.0,0,0.0,0,0.0,0,0.0,0,0.2,0,0.1,0,0.1,0,0.0,1,0.0,1,0.0,1,0.0,1
16,404,6,8,29,116,150,2024-05-14,0.4,1,1.0,0,0,0.4915,22.86,67.77,1.52,0.0,0,0.0,0,0.0,0,0.0,0,0.0,0,0.0,0,0.0,0,0.0,0,0.0,0,0.0,0,0.0,0,0.0,0,0.1,0,0.0,0,0.1,0,0.0,0,0.0,0,0.1,0,0.0,0,0.0,0,0.1,0,0.0,1,0.0,1,0.0,1
16,404,2,29,78,157,600,2024-04-25,0.6,6,0.833,0,1,2.651,20.36,75.57,2.46,0.0,1,0.0,1,0.0,1,0.0,0,0.0,0,0.0,0,0.0,0,0.0,0,0.2,0,0.2,0,0.0,0,0.0,0,0.1,0,0.0,1,0.0,1,0.0,1,0.0,0,0.0,0,0.1,0,0.0,1,0.0,1,0.0,1,0.0,1,0.0,1
16,404,3,25,71,213,656,2024-06-23,0.8,0,0.994,1,0,9.9747,26.99,85.82,1.52,0.0,0,0.0,0,0.0,0,0.0,0,0.0,0,0.0,0,0.0,0,0.1,0,0.0,0,0.0,0,0.2,0,0.1,0,0.1,0,0.0,0,0.0,0,0.0,0,0.1,0,0.1,0,0.0,0,0.1,0,0.0,0,0.0,0,0.0,0,0.0,0
16,404,0,28,72,154,834,2024-04-30,1.0,5,1.0,0,0,2.7695,20.3,74.3,2.35,0.0,0,0.0,0,0.0,0,0.0,0,0.0,0,0.0,0,0.0,0,0.0,0,0.2,0,0.1,0,0.0,0,0.1,0,0.0,0,0.1,0,0.1,0,0.1,0,0.3,0,0.0,1,0.0,1,0.0,1,0.0,1,0.0,1,0.0,1,0.0,1
0,405,6,24,69,139,537,2024-04-21,3.9,0,1.0,1,0,1.5722,19.65,74.22,1.47,0.1,0,0.0,0,0.0,0,0.0,0,0.0,0,0.0,0,0.1,0,0.1,0,0.3,0,1.5,0,0.4,0,0.2,0,0.0,0,0.2,0,0.2,0,0.1,0,0.2,0,0.4,0,0.0,0,0.0,0,0.0,0,0.0,0,0.1,0,0.0,0
12,409,6,21,61,219,492,2024-06-06,0.8,0,1.0,0,0,1.8615,25.11,79.08,1.86,0.0,1,0.0,1,0.0,1,0.0,1,0.0,0,0.0,0,0.0,0,0.0,0,0.0,0,0.0,0,0.0,0,0.0,0,0.2,0,0.1,0,0.0,0,0.1,0,0.2,0,0.1,0,0.0,0,0.0,0,0.1,0,0.0,0,0.0,0,0.0,0
12,409,6,21,64,19,691,2024-04-19,1.7,0,1.0,0,0,1.4354,20.86,79.63,1.93,0.0,0,0.0,0,0.0,0,0.0,0,0.0,0,0.0,0,0.0,0,0.0,0,0.2,0,0.1,0,0.3,0,0.0,0,0.2,0,0.0,0,0.2,0,0.3,0,0.0,0,0.0,0,0.3,0,0.1,0,0.0,0,0.0,0,0.0,0,0.0,0
16,410,5,18,80,110,145,2024-05-26,0.7,0,0.948,1,0,1.3571,24.01,65.27,1.98,0.2,0,0.0,0,0.0,0,0.0,0,0.0,0,0.0,0,0.1,0,0.0,0,0.0,0,0.1,0,0.1,0,0.0,0,0.0,0,0.0,0,0.0,0,0.1,0,0.1,0,0.0,0,0.0,0,0.0,0,0.0,0,0.0,0,0.0,0,0.0,0
0,411,6,4,28,81,19,2024-06-20,4.2,2,0.99,0,0,9.7214,27.56,86.8,1.91,0.0,1,0.0,1,0.0,1,0.0,1,0.0,1,0.0,1,0.0,0,0.4,0,0.6,0,1.2,0,0.5,0,0.2,0,0.2,0,0.3,0,0.1,0,0.0,0,0.0,0,0.4,0,0.2,0,0.1,0,0.0,1,0.0,1,0.0,1,0.0,1
0,411,6,21,64,184,806,2024-05-10,1.1,3,1.0,0,0,1.6224,20.43,65.38,1.67,0.0,1,0.0,1,0.0,1,0.0,1,0.0,1,0.0,0,0.0,0,0.0,0,0.0,0,0.1,0,0.0,0,0.3,0,0.0,0,0.3,0,0.3,0,0.0,0,0.0,0,0.0,0,0.1,0,0.0,1,0.0,1,0.0,1,0.0,1,0.0,1
16,412,6,20,50,170,6,2024-05-24,0.8,6,0.827,0,1,0.8834,24.45,65.75,1.38,0.0,1,0.0,1,0.0,1,0.0,1,0.0,1,0.0,1,0.0,0,0.0,0,0.5,0,0.0,0,0.1,0,0.0,0,0.0,0,0.0,0,0.1,0,0.1,0,0.0,1,0.0,1,0.0,1,0.0,1,0.0,1,0.0,1,0.0,1,0.0,1
16,413,5,16,25,105,290,2024-04-19,0.8,8,0.805,0,1,1.007,19.32,76.91,2.19,0.0,1,0.1,1,0.0,1,0.0,1,0.0,1,0.0,0,0.0,0,0.0,0,0.0,0,0.2,0,0.0,0,0.3,0,0.0,0,0.2,0,0.0,1,0.0,1,0.0,1,0.0,1,0.0,1,0.0,1,0.0,1,0.0,1,0.0,1,0.0,1
3,419,6,10,33,181,591,2024-04-27,1.3,0,1.0,1,0,0.9553,20.59,35.6,1.24,0.0,0,0.0,0,0.0,0,0.0,0,0.0,0,0.0,0,0.2,0,0.1,0,0.2,0,0.1,0,0.2,0,0.0,0,0.0,0,0.0,0,0.0,0,0.1,0,0.2,0,0.0,0,0.1,0,0.1,0,0.0,0,0.0,0,0.0,0,0.0,0
12,424,6,8,29,113,108,2024-06-05,1.1,0,1.0,0,0,3.0408,25.31,77.8,1.52,0.1,0,0.0,0,0.0,0,0.0,0,0.0,0,0.0,0,0.0,0,0.0,0,0.0,0,0.0,0,0.0,0,0.0,0,0.0,0,0.0,0,0.2,0,0.1,0,0.1,0,0.3,0,0.1,0,0.1,0,0.1,0,0.0,0,0.0,0,0.0,0
0,426,6,4,28,149,215,2024-04-14,1.1,10,0.762,1,1,3.4426,17.14,78.34,1.72,0.0,1,0.0,1,0.0,1,0.0,0,0.0,0,0.0,0,0.1,0,0.1,0,0.1,0,0.0,1,0.0,1,0.0,1,0.0,1,0.2,0,0.3,0,0.3,0,0.0,1,0.0,1,0.0,1,0.0,1,0.0,1,0.0,1,0.0,1,0.0,0
5,427,0,5,7,67,330,2024-06-18,0.7,4,1.0,0,0,10.738,26.87,85.65,2.27,0.2,0,0.0,0,0.0,0,0.0,0,0.0,0,0.0,0,0.0,0,0.0,0,0.0,0,0.0,0,0.1,0,0.0,0,0.1,0,0.0,0,0.2,0,0.0,0,0.0,0,0.1,0,0.0,1,0.0,1,0.0,1,0.0,1,0.0,1,0.0,1
4,428,5,16,27,98,291,2024-05-16,0.6,0,0.881,0,1,1.7267,24.29,65.7,2.68,0.0,0,0.0,0,0.0,0,0.0,0,0.0,0,0.0,0,0.0,0,0.0,0,0.0,0,0.0,0,0.1,0,0.0,0,0.0,0,0.0,0,0.1,0,0.0,0,0.0,0,0.0,0,0.0,0,0.0,0,0.0,0,0.0,0,0.3,0,0.1,0
11,430,6,10,33,83,253,2024-05-26,0.8,0,0.8,1,1,1.4363,24.22,65.43,1.91,0.0,0,0.0,0,0.0,0,0.0,0,0.0,0,0.0,0,0.0,0,0.2,0,0.0,0,0.1,0,0.1,0,0.1,0,0.0,0,0.1,0,0.0,0,0.1,0,0.1,0,0.0,0,0.0,0,0.0,0,0.0,0,0.0,0,0.0,0,0.0,0
11,430,6,24,69,78,481,2024-04-27,0.8,0,1.0,1,0,2.4142,20.45,76.34,1.27,0.0,0,0.0,0,0.0,0,0.0,0,0.0,0,0.0,0,0.0,0,0.0,0,0.1,0,0.0,0,0.1,0,0.1,0,0.1,0,0.0,0,0.0,0,0.0,0,0.1,0,0.0,0,0.2,0,0.0,0,0.1,0,0.0,0,0.0,0,0.0,0
11,430,6,24,69,139,645,2024-05-25,0.2,12,1.0,1,0,0.6709,25.49,64.49,1.52,0.0,0,0.0,0,0.0,0,0.0,0,0.0,0,0.0,0,0.0,0,0.1,0,0.0,0,0.1,0,0.0,1,0.0,1,0.0,1,0.0,1,0.0,1,0.0,1,0.0,1,0.0,1,0.0,1,0.0,1,0.0,1,0.0,1,0.0,1,0.0,1
0,431,6,8,29,113,77,2024-04-05,0.5,9,0.883,1,1,1.7,15.85,72.56,1.55,0.0,1,0.0,1,0.0,1,0.1,0,0.0,0,0.0,0,0.0,0,0.2,0,0.0,0,0.0,0,0.0,0,0.1,0,0.1,0,0.0,1,0.0,1,0.0,1,0.0,1,0.0,1,0.0,1,0.0,1,0.0,1,0.0,1,0.0,1,0.0,1
12,432,6,21,64,184,267,2024-05-23,18.3,0,0.0,0,0,4.1304,24.16,72.33,2.55,0.2,0,0.0,0,0.2,0,0.0,0,0.0,0,0.2,0,0.1,0,0.9,0,0.8,0,1.1,0,2.1,0,0.9,0,1.4,0,1.0,0,0.9,0,1.5,0,1.4,0,1.4,0,1.1,0,0.9,0,1.6,0,0.3,0,0.3,0,0.0,0
0,434,1,7,17,46,473,2024-06-07,0.7,8,0.952,0,0,1.8195,25.77,73.27,1.45,0.0,0,0.0,0,0.0,0,0.0,0,0.0,0,0.0,0,0.0,0,0.2,0,0.1,0,0.0,0,0.0,0,0.2,0,0.0,0,0.1,0,0.0,1,0.0,1,0.0,1,0.0,1,0.0,1,0.1,1,0.0,1,0.0,1,0.0,1,0.0,1
0,435,6,4,28,180,118,2024-05-23,1.5,0,0.99,0,0,1.3164,23.65,66.77,2.11,0.0,0,0.0,0,0.0,0,0.0,0,0.0,0,0.0,0,0.0,0,0.2,0,0.1,0,0.1,0,0.0,0,0.0,0,0.0,0,0.0,0,0.0,0,0.0,0,0.4,0,0.1,0,0.2,0,0.0,0,0.1,0,0.2,0,0.0,0,0.1,0
0,435,5,16,25,101,496,2024-05-17,0.6,3,0.853,0,1,0.6137,22.8,70.42,2.11,0.0,1,0.0,1,0.0,1,0.0,1,0.0,1,0.0,0,0.0,0,0.0,0,0.0,0,0.0,0,0.0,0,0.0,0,0.1,0,0.0,0,0.0,0,0.1,0,0.1,0,0.1,0,0.2,0,0.0,1,0.0,1,0.0,1,0.0,1,0.0,1
0,439,5,16,26,96,345,2024-05-08,0.3,0,0.866,0,1,0.8383,21.63,64.55,1.75,0.0,0,0.0,0,0.0,0,0.0,0,0.0,0,0.0,0,0.0,0,0.0,0,0.0,0,0.1,0,0.0,0,0.2,0,0.0,0,0.0,0,0.0,0,0.0,0,0.0,0,0.0,0,0.0,0,0.0,0,0.0,0,0.0,0,0.0,0,0.0,0
0,441,6,4,28,10,79,2024-05-16,0.3,0,0.73,0,1,2.0569,23.38,68.18,1.49,0.0,0,0.0,0,0.0,0,0.0,0,0.0,0,0.0,0,0.1,0,0.0,0,0.0,0,0.0,0,0.0,0,0.0,0,0.0,0,0.0,0,0.0,0,0.0,0,0.1,0,0.0,0,0.1,0,0.0,0,0.0,0,0.0,0,0.0,0,0.0,0
0,441,5,15,43,11,858,2024-05-22,0.3,11,0.95,0,0,1.7427,23.0,66.88,1.49,0.0,1,0.0,1,0.0,1,0.0,1,0.0,0,0.0,0,0.0,0,0.0,0,0.0,0,0.0,0,0.3,0,0.0,1,0.0,1,0.0,1,0.0,1,0.0,1,0.0,1,0.0,1,0.0,1,0.0,1,0.0,1,0.0,1,0.0,1,0.0,1
0,442,6,4,28,167,135,2024-04-28,0.8,0,1.0,1,0,3.1453,20.66,76.57,1.78,0.0,0,0.0,0,0.0,0,0.0,0,0.0,0,0.0,0,0.0,0,0.0,0,0.1,0,0.1,0,0.0,0,0.0,0,0.0,0,0.2,0,0.0,0,0.1,0,0.2,0,0.0,0,0.0,0,0.0,0,0.1,0,0.0,0,0.0,0,0.0,0
3,443,0,28,72,154,834,2024-04-21,0.0,16,1.0,1,0,0.2859,19.37,37.25,1.49,0.0,1,0.0,1,0.0,1,0.0,1,0.0,1,0.0,1,0.0,1,0.0,1,0.0,1,0.0,1,0.0,1,0.0,1,0.0,1,0.0,1,0.0,1,0.0,1,0.0,1,0.0,1,0.0,1,0.0,1,0.0,1,0.0,1,0.0,1,0.0,1
0,446,6,8,8,9,214,2024-05-31,0.5,0,1.0,0,0,2.2418,23.86,67.38,1.59,0.0,1,0.0,1,0.0,1,0.0,1,0.0,1,0.0,1,0.1,0,0.0,0,0.1,0,0.1,0,0.0,0,0.0,0,0.0,0,0.0,0,0.0,0,0.0,0,0.0,0,0.0,0,0.1,0,0.0,0,0.0,0,0.1,0,0.0,0,0.0,0
0,446,5,22,81,56,783,2024-06-07,0.8,0,0.823,0,1,1.8237,25.68,73.44,1.39,0.0,0,0.0,0,0.0,0,0.0,0,0.0,0,0.1,0,0.0,0,0.0,0,0.4,0,0.1,0,0.0,0,0.1,0,0.0,0,0.0,0,0.1,0,0.0,0,0.0,0,0.0,0,0.0,0,0.0,0,0.0,0,0.0,0,0.0,0,0.0,0
12,450,2,31,79,230,689,2024-06-25,0.3,8,1.0,0,0,11.1901,28.21,85.38,2.02,0.0,1,0.0,1,0.0,1,0.0,1,0.0,1,0.0,1,0.0,1,0.0,1,0.0,1,0.0,1,0.0,1,0.0,1,0.0,1,0.0,1,0.0,0,0.1,0,0.1,0,0.0,0,0.0,0,0.1,0,0.0,0,0.0,0,0.0,0,0.0,0
12,451,6,20,58,172,127,2024-05-24,1.4,2,0.908,0,1,0.9925,23.01,72.53,2.41,0.0,0,0.0,0,0.0,0,0.0,0,0.0,0,0.0,0,0.2,0,0.0,0,0.1,0,0.0,0,0.2,0,0.1,0,0.0,0,0.0,0,0.1,0,0.0,0,0.1,0,0.4,0,0.0,0,0.1,0,0.0,1,0.0,1,0.1,1,0.0,1
0,452,6,4,28,10,79,2024-05-06,0.3,0,0.843,0,1,2.028,21.29,70.32,1.31,0.0,0,0.0,0,0.0,0,0.0,0,0.0,0,0.0,0,0.1,0,0.0,0,0.0,0,0.0,0,0.1,0,0.0,0,0.0,0,0.0,0,0.0,0,0.0,0,0.0,0,0.0,0,0.0,0,0.0,0,0.0,0,0.1,0,0.0,0,0.0,0
0,452,3,14,40,146,793,2024-04-13,0.3,8,1.0,1,0,1.9449,18.71,80.84,1.61,0.1,0,0.0,0,0.0,0,0.0,0,0.0,0,0.0,0,0.0,0,0.0,0,0.0,0,0.0,0,0.0,0,0.1,0,0.0,1,0.0,1,0.0,0,0.1,0,0.0,1,0.0,1,0.0,1,0.0,1,0.0,1,0.0,1,0.0,1,0.0,1
12,453,2,29,78,82,4,2024-06-10,4.1,5,0.936,1,0,6.5651,26.25,82.12,2.27,0.0,0,0.0,0,0.0,0,0.0,0,0.0,0,0.0,0,0.0,0,0.0,0,0.8,0,0.6,0,0.3,0,0.0,0,0.6,0,0.6,0,0.0,0,0.6,0,0.6,0,0.0,1,0.0,1,0.0,1,0.0,1,0.0,1,0.0,1,0.0,1
12,454,6,4,28,149,215,2024-06-20,2.5,0,0.516,0,1,8.7665,27.9,87.75,1.82,0.1,0,0.1,0,0.0,0,0.0,0,0.0,0,0.0,0,0.0,0,0.0,0,0.0,0,0.0,0,0.1,0,0.1,0,0.0,0,0.4,0,0.1,0,0.4,0,0.5,0,0.1,0,0.0,0,0.3,0,0.0,0,0.0,0,0.1,0,0.2,0
14,457,2,30,75,191,597,2024-06-06,0.5,0,0.833,0,1,8.3693,24.06,88.6,1.73,0.0,1,0.0,1,0.0,1,0.0,1,0.0,0,0.0,0,0.0,0,0.0,0,0.0,0,0.0,0,0.0,0,0.1,0,0.0,0,0.0,0,0.0,0,0.1,0,0.1,0,0.0,0,0.0,0,0.1,0,0.0,0,0.1,0,0.0,0,0.0,0
14,457,6,20,50,183,822,2024-05-18,0.0,16,0.847000002861023,1,1,4.3766,23.51,84.42,1.98,0.0,1,0.0,1,0.0,1,0.0,1,0.0,1,0.0,1,0.0,1,0.0,1,0.0,1,0.0,1,0.0,1,0.0,1,0.0,1,0.0,1,0.0,1,0.0,1,0.0,1,0.0,1,0.0,1,0.0,1,0.0,1,0.0,1,0.0,1,0.0,1
12,458,5,18,80,112,368,2024-04-17,0.3,10,1.0,0,0,3.3438,20.15,80.47,2.14,0.0,1,0.0,1,0.0,1,0.0,1,0.0,0,0.0,0,0.0,0,0.1,0,0.0,0,0.0,0,0.1,0,0.1,0,0.0,1,0.0,1,0.0,1,0.0,1,0.0,1,0.0,1,0.0,1,0.0,1,0.0,1,0.0,1,0.0,1,0.0,1
0,461,6,20,68,63,486,2024-04-15,0.9,3,0.983,0,0,2.4393,17.86,76.31,1.65,0.0,1,0.0,1,0.0,1,0.0,1,0.0,1,0.0,1,0.0,0,0.0,0,0.1,0,0.3,0,0.1,0,0.0,1,0.0,1,0.0,1,0.0,0,0.0,0,0.0,0,0.3,0,0.1,0,0.0,0,0.0,0,0.0,0,0.0,0,0.0,0
12,462,6,10,33,160,650,2024-04-15,0.4,8,0.991,0,0,4.3928,18.45,84.23,2.56,0.0,0,0.0,0,0.0,0,0.0,0,0.0,0,0.0,0,0.0,0,0.1,0,0.1,0,0.0,0,0.1,0,0.0,0,0.0,0,0.1,0,0.0,1,0.0,1,0.0,1,0.0,1,0.0,1,0.0,1,0.0,1,0.0,1,0.0,1,0.0,1
16,465,0,5,6,65,467,2024-06-07,1.6,0,0.932,0,0,3.2038,26.21,70.95,1.86,0.0,0,0.0,0,0.0,0,0.0,0,0.0,0,0.0,0,0.0,0,0.1,0,0.6,0,0.0,0,0.0,0,0.0,0,0.1,0,0.0,0,0.0,0,0.0,0,0.0,0,0.0,0,0.4,0,0.0,0,0.0,0,0.0,0,0.0,0,0.4,0
16,466,1,7,17,51,306,2024-04-11,0.1,0,1.0,0,0,2.4371,18.52,79.58,1.48,0.0,1,0.0,1,0.0,1,0.0,1,0.0,0,0.0,0,0.0,0,0.0,0,0.0,0,0.0,0,0.0,0,0.0,0,0.0,0,0.0,0,0.0,0,0.0,0,0.0,0,0.0,0,0.1,0,0.0,0,0.0,0,0.0,0,0.0,0,0.0,0
16,466,6,24,69,78,481,2024-05-05,0.6,0,1.0,1,0,2.7806,21.41,74.78,1.41,0.0,0,0.0,0,0.0,0,0.0,0,0.0,0,0.0,0,0.0,0,0.0,0,0.1,0,0.0,0,0.1,0,0.0,0,0.0,0,0.0,0,0.2,0,0.1,0,0.0,0,0.0,0,0.0,0,0.0,0,0.1,0,0.0,0,0.0,0,0.0,0
6,469,6,10,33,181,129,2024-04-15,1.1,8,0.828,0,1,4.0205,18.94,85.05,2.55,0.0,1,0.0,1,0.0,1,0.0,1,0.0,1,0.0,1,0.0,0,0.0,0,0.2,0,0.2,0,0.2,0,0.2,0,0.0,0,0.2,0,0.0,1,0.0,1,0.0,1,0.0,1,0.0,1,0.0,1,0.0,1,0.0,1,0.1,1,0.0,1
6,476,6,10,38,190,715,2024-03-28,0.2,0,1.0,0,0,3.9604,16.47,82.69,2.41,0.0,0,0.0,0,0.0,0,0.0,0,0.0,0,0.0,0,0.0,0,0.1,0,0.0,0,0.0,0,0.1,0,0.0,0,0.0,0,0.0,0,0.0,0,0.0,0,0.0,0,0.0,0,0.0,0,0.0,0,0.0,0,0.0,0,0.0,0,0.0,0
6,477,6,4,53,77,41,2024-06-01,0.3,9,0.87,1,1,4.3224,22.67,82.97,2.0,0.0,0,0.0,0,0.0,0,0.0,0,0.0,0,0.0,0,0.0,0,0.1,0,0.0,0,0.1,0,0.0,0,0.0,0,0.1,0,0.0,1,0.0,1,0.0,1,0.0,1,0.0,1,0.0,1,0.0,1,0.0,1,0.0,1,0.0,1,0.0,1
6,478,6,8,29,114,218,2024-05-08,0.8,0,1.0,0,0,1.7557,21.34,76.29,2.21,0.0,0,0.0,0,0.0,0,0.0,0,0.0,0,0.0,0,0.0,0,0.1,0,0.0,0,0.1,0,0.0,0,0.0,0,0.0,0,0.0,0,0.1,0,0.1,0,0.1,0,0.0,0,0.2,0,0.0,0,0.0,0,0.0,0,0.1,0,0.0,0
12,480,2,29,76,60,596,2024-05-24,2.3,4,0.893,0,1,1.5566,22.79,75.94,2.37,0.0,0,0.0,0,0.0,0,0.0,0,0.0,0,0.0,0,0.1,0,0.0,0,0.2,0,0.1,0,0.0,0,0.4,0,0.0,0,0.1,0,0.4,0,0.9,1,0.0,1,0.0,1,0.0,1,0.0,0,0.0,0,0.1,0,0.0,1,0.0,1
12,480,6,4,53,77,774,2024-06-13,0.0,16,1.0,0,0,12.8173,25.94,85.5,1.75,0.0,1,0.0,1,0.0,1,0.0,1,0.0,1,0.0,1,0.0,1,0.0,1,0.0,1,0.0,1,0.0,1,0.0,1,0.0,1,0.0,1,0.0,1,0.0,1,0.0,1,0.0,1,0.0,1,0.0,1,0.0,1,0.0,1,0.0,1,0.0,1
12,484,6,4,28,1,117,2024-05-29,3.0,1,0.68,0,1,1.3596,22.69,68.94,2.07,0.2,1,0.0,1,0.1,1,0.0,1,0.0,1,0.0,1,0.0,0,0.2,0,0.0,0,0.1,0,0.4,0,0.1,0,0.2,0,0.0,0,0.2,0,0.3,0,0.3,0,0.0,0,0.4,0,0.3,0,0.2,0,0.0,1,0.0,1,0.0,1
16,485,5,18,80,112,67,2024-04-03,0.7,0,0.779,0,1,2.7067,17.9,77.78,1.37,0.0,0,0.0,0,0.0,0,0.0,0,0.0,0,0.0,0,0.0,0,0.0,0,0.0,0,0.1,0,0.0,0,0.0,0,0.0,0,0.0,0,0.0,0,0.4,0,0.2,0,0.0,0,0.0,0,0.0,0,0.0,0,0.0,0,0.0,0,0.0,0
16,485,5,16,27,100,293,2024-03-30,0.6,8,0.942,1,0,0.9747,16.58,77.94,1.31,0.0,1,0.0,1,0.0,1,0.0,1,0.0,0,0.0,0,0.1,0,0.2,0,0.1,0,0.0,0,0.0,0,0.0,0,0.1,0,0.1,0,0.0,1,0.0,1,0.0,1,0.0,1,0.0,1,0.0,1,0.0,1,0.0,1,0.0,1,0.0,1
0,488,6,20,68,127,122,2024-04-11,0.9,6,1.0,0,0,3.9294,18.19,81.34,1.72,0.0,0,0.0,0,0.0,0,0.0,0,0.0,0,0.0,0,0.1,0,0.1,0,0.2,0,0.1,0,0.1,0,0.0,0,0.0,0,0.1,0,0.1,0,0.1,0,0.0,1,0.0,1,0.0,1,0.0,1,0.0,1,0.0,1,0.0,1,0.0,1
6,493,6,4,28,180,118,2024-04-27,3.8,0,0.714,1,1,4.6618,20.38,82.66,2.29,0.1,0,0.0,0,0.0,0,0.1,0,0.0,0,0.2,0,0.1,0,0.2,0,0.3,0,0.4,0,1.0,0,0.4,0,0.2,0,0.1,0,0.0,0,0.1,0,0.1,0,0.0,0,0.0,0,0.1,0,0.1,0,0.2,0,0.1,0,0.0,0
6,493,6,20,68,127,122,2024-05-28,0.0,16,0.8690000176429749,0,1,3.6129,20.75,79.75,2.11,0.0,1,0.0,1,0.0,1,0.0,1,0.0,1,0.0,1,0.0,1,0.0,1,0.0,1,0.0,1,0.0,1,0.0,1,0.0,1,0.0,1,0.0,1,0.0,1,0.0,1,0.0,1,0.0,1,0.0,1,0.0,1,0.0,1,0.0,1,0.0,1
0,494,0,5,6,65,2,2024-03-31,0.3,0,1.0,1,0,1.5577,16.6,77.54,1.59,0.0,0,0.0,0,0.0,0,0.0,0,0.0,0,0.0,0,0.0,0,0.0,0,0.1,0,0.1,0,0.0,0,0.0,0,0.1,0,0.0,0,0.0,0,0.0,0,0.0,0,0.0,0,0.0,0,0.0,0,0.0,0,0.0,0,0.0,0,0.0,0
6,496,6,20,50,183,822,2024-05-17,0.0,16,0.7039999961853027,0,1,2.3131,23.18,80.08,2.51,0.0,1,0.0,1,0.0,1,0.0,1,0.0,1,0.0,1,0.0,1,0.0,1,0.0,1,0.0,1,0.0,1,0.0,1,0.0,1,0.0,1,0.0,1,0.0,1,0.0,1,0.0,1,0.0,1,0.0,1,0.0,1,0.0,1,0.0,1,0.0,1
6,498,6,20,50,170,6,2024-06-09,0.4,0,0.635,1,1,3.7651,26.42,86.4,1.8,0.0,0,0.0,0,0.0,0,0.0,0,0.0,0,0.0,0,0.0,0,0.0,0,0.0,0,0.0,0,0.1,0,0.0,0,0.0,0,0.1,0,0.1,0,0.0,0,0.0,0,0.0,0,0.1,0,0.0,0,0.0,0,0.0,0,0.0,0,0.0,0
6,499,2,29,78,157,600,2024-04-29,0.3,10,1.0,0,0,2.5205,20.94,83.91,2.28,0.0,1,0.0,1,0.0,1,0.0,1,0.0,0,0.0,0,0.0,0,0.0,0,0.0,0,0.1,0,0.1,0,0.1,0,0.0,1,0.0,1,0.0,1,0.0,1,0.0,1,0.0,1,0.0,1,0.0,1,0.0,1,0.0,1,0.0,1,0.0,1
16,503,5,16,25,105,290,2024-05-13,1.7,0,0.806,0,1,0.7214,23.02,65.15,1.52,0.0,0,0.0,0,0.0,0,0.0,0,0.0,0,0.0,0,0.0,0,0.0,0,0.3,0,0.0,0,0.0,0,0.1,0,0.0,0,0.4,0,0.0,0,0.3,0,0.1,0,0.1,0,0.4,0,0.0,0,0.0,0,0.0,0,0.0,0,0.0,0
16,503,6,4,53,58,578,2024-04-29,0.4,5,0.736,0,1,2.4181,20.51,77.47,2.08,0.0,0,0.0,0,0.0,0,0.0,0,0.0,0,0.0,0,0.0,0,0.0,0,0.0,0,0.1,0,0.0,0,0.0,0,0.0,0,0.0,0,0.1,0,0.0,0,0.1,0,0.1,1,0.0,1,0.0,1,0.0,1,0.0,1,0.0,1,0.0,1
16,503,2,31,79,227,670,2024-04-26,0.3,0,0.811,0,1,2.2436,20.48,73.26,1.44,0.0,0,0.0,0,0.0,0,0.0,0,0.0,0,0.1,0,0.0,0,0.0,0,0.0,0,0.0,0,0.0,0,0.0,0,0.0,0,0.0,0,0.0,0,0.0,0,0.2,0,0.0,0,0.0,0,0.0,0,0.0,0,0.0,0,0.0,0,0.0,0
16,504,6,4,28,81,191,2024-04-29,0.1,15,0.757,0,1,2.4142,20.52,77.43,2.08,0.0,1,0.0,1,0.0,1,0.0,1,0.0,1,0.0,1,0.0,1,0.0,1,0.0,1,0.0,1,0.1,0,0.0,1,0.0,1,0.0,1,0.0,1,0.0,1,0.0,1,0.0,1,0.0,1,0.0,1,0.0,1,0.0,1,0.0,1,0.0,1
16,504,6,4,28,81,191,2024-06-10,0.0,16,0.6959999799728394,1,1,6.3412,26.69,74.11,1.45,0.0,1,0.0,1,0.0,1,0.0,1,0.0,1,0.0,1,0.0,1,0.0,1,0.0,1,0.0,1,0.0,1,0.0,1,0.0,1,0.0,1,0.0,1,0.0,1,0.0,1,0.0,1,0.0,1,0.0,1,0.0,1,0.0,1,0.0,1,0.0,1
6,506,6,20,50,170,6,2024-05-03,0.4,6,0.529,1,1,2.819,21.11,81.61,2.42,0.0,0,0.0,0,0.0,0,0.0,0,0.0,0,0.0,0,0.0,0,0.0,0,0.0,0,0.1,0,0.0,0,0.1,0,0.0,0,0.1,0,0.0,0,0.1,0,0.0,1,0.0,1,0.0,1,0.0,1,0.0,1,0.0,1,0.0,1,0.0,1
15,509,5,18,80,112,144,2024-04-05,0.3,0,0.913,1,0,2.5679,18.12,80.54,2.33,0.0,0,0.0,0,0.0,0,0.0,0,0.0,0,0.0,0,0.0,0,0.0,0,0.0,0,0.0,0,0.0,0,0.0,0,0.0,0,0.0,0,0.0,0,0.0,0,0.0,0,0.0,0,0.0,0,0.0,0,0.1,0,0.1,0,0.1,0,0.0,0
15,509,2,31,79,128,386,2024-05-07,0.0,16,1.0,0,0,1.3891,21.5,73.41,2.46,0.0,1,0.0,1,0.0,1,0.0,1,0.0,1,0.0,1,0.0,1,0.0,1,0.0,1,0.0,1,0.0,1,0.0,1,0.0,1,0.0,1,0.0,1,0.0,1,0.0,1,0.0,1,0.0,1,0.0,1,0.0,1,0.0,1,0.0,1,0.0,1
15,510,1,7,17,41,677,2024-04-02,0.6599999999999999,1,1.0,0,0,3.3678,18.42,80.46,2.89,0.0,0,0.0,0,0.0,0,0.0,0,0.0,0,0.0,0,0.0,0,0.0,0,0.0,0,0.0,0,0.0,0,0.0,0,0.0,0,0.0,0,0.2,0,0.2,0,0.1,0,0.0,0,0.0,0,0.06,0,0.0,0,0.1,1,0.0,1,0.0,1
6,513,6,20,68,127,122,2024-05-27,1.2,0,0.924,0,0,3.5549,21.7,80.32,2.14,0.0,0,0.0,0,0.0,0,0.0,0,0.0,0,0.0,0,0.0,0,0.0,0,0.0,0,0.1,0,0.1,0,0.1,0,0.1,0,0.1,0,0.2,0,0.1,0,0.2,0,0.0,0,0.1,0,0.0,0,0.0,0,0.1,0,0.0,0,0.0,0
6,514,5,16,25,94,638,2024-03-28,0.8,0,0.765,0,1,4.0431,15.55,87.42,2.78,0.0,0,0.0,0,0.0,0,0.0,0,0.0,0,0.0,0,0.0,0,0.0,0,0.2,0,0.0,0,0.0,0,0.0,0,0.0,0,0.0,0,0.1,0,0.1,0,0.1,0,0.1,0,0.1,0,0.0,0,0.1,0,0.0,0,0.0,0,0.0,0
0,517,2,29,76,60,596,2024-04-12,0.9,9,0.889,0,0,5.1386,18.25,80.09,1.54,0.0,1,0.0,1,0.0,1,0.1,0,0.0,0,0.0,0,0.2,0,0.2,0,0.2,0,0.0,0,0.0,0,0.0,0,0.2,0,0.0,1,0.0,1,0.0,1,0.0,1,0.0,1,0.0,1,0.0,1,0.0,1,0.0,1,0.0,1,0.0,1
16,524,6,20,68,127,122,2024-04-26,0.2,1,1.0,0,0,2.2488,20.72,73.36,1.58,0.0,1,0.0,1,0.0,1,0.0,1,0.0,1,0.0,1,0.0,1,0.0,0,0.1,0,0.0,0,0.0,0,0.1,0,0.0,0,0.0,0,0.0,0,0.0,0,0.0,0,0.0,0,0.0,0,0.0,0,0.0,0,0.0,0,0.0,0,0.0,0
16,524,0,28,3,7,381,2024-04-03,0.6,8,0.98,0,0,2.2618,18.12,77.86,1.33,0.0,0,0.0,0,0.0,0,0.0,0,0.0,0,0.1,0,0.0,0,0.0,0,0.0,0,0.1,0,0.1,0,0.1,0,0.1,0,0.1,0,0.0,1,0.0,1,0.0,1,0.0,1,0.0,1,0.0,1,0.0,1,0.0,1,0.0,1,0.0,1
16,526,2,29,76,60,580,2024-05-30,1.9,0,1.0,0,0,0.4619,24.36,64.34,1.78,0.0,0,0.0,0,0.0,0,0.0,0,0.0,0,0.0,0,0.0,0,0.0,0,0.1,0,0.3,0,0.1,0,0.0,0,0.1,0,0.2,0,0.2,0,0.2,0,0.3,0,0.3,0,0.1,0,0.0,0,0.0,0,0.0,0,0.0,0,0.0,0
16,526,6,24,39,129,831,2024-06-14,0.3,0,1.0,0,0,8.6102,27.88,75.54,1.52,0.0,0,0.0,0,0.0,0,0.0,0,0.0,0,0.0,0,0.2,0,0.0,0,0.0,0,0.0,0,0.0,0,0.0,0,0.1,0,0.0,0,0.0,0,0.0,0,0.0,0,0.0,0,0.0,0,0.0,0,0.0,0,0.0,0,0.0,0,0.0,0
16,527,2,30,75,191,699,2024-03-28,0.5,4,1.0,0,0,1.7452,16.92,76.06,1.51,0.0,1,0.0,1,0.0,0,0.0,0,0.0,0,0.0,0,0.0,0,0.0,0,0.0,0,0.0,0,0.0,0,0.0,0,0.0,0,0.0,0,0.0,0,0.3,0,0.0,0,0.2,0,0.0,1,0.0,1,0.0,1,0.0,1,0.0,1,0.0,1
11,531,5,18,80,112,144,2024-04-26,0.77,0,1.0,0,0,2.0393,20.85,73.19,1.49,0.0,0,0.1,0,0.0,0,0.0,0,0.0,0,0.0,0,0.0,0,0.0,0,0.0,0,0.0,0,0.0,0,0.0,0,0.0,0,0.0,0,0.2,0,0.1,0,0.2,0,0.0,0,0.1,0,0.07,0,0.0,0,0.0,0,0.0,0,0.0,0
11,531,6,21,64,123,489,2024-04-14,0.0,16,0.8330000042915344,1,1,2.4484,18.5,78.32,1.36,0.0,1,0.0,1,0.0,1,0.0,1,0.0,1,0.0,1,0.0,1,0.0,1,0.0,1,0.0,1,0.0,1,0.0,1,0.0,1,0.0,1,0.0,1,0.0,1,0.0,1,0.0,1,0.0,1,0.0,1,0.0,1,0.0,1,0.0,1,0.0,1
11,531,2,31,79,230,688,2024-05-18,0.5,0,1.0,1,0,0.4085,24.64,68.57,1.33,0.0,1,0.0,1,0.0,1,0.0,1,0.0,1,0.0,0,0.0,0,0.1,0,0.3,0,0.0,0,0.0,0,0.0,0,0.0,0,0.0,0,0.0,0,0.0,0,0.0,0,0.0,0,0.0,0,0.0,0,0.0,0,0.0,0,0.1,0,0.0,0
11,531,1,7,17,42,707,2024-05-30,0.5,5,0.881,0,0,0.564,24.33,64.49,1.71,0.0,1,0.0,1,0.0,1,0.0,1,0.0,1,0.2,1,0.0,0,0.0,0,0.0,0,0.0,0,0.1,0,0.0,0,0.0,0,0.0,0,0.0,0,0.0,0,0.1,0,0.0,1,0.0,1,0.0,1,0.0,1,0.0,1,0.1,1,0.0,1
11,532,6,10,33,181,129,2024-04-05,2.2,0,0.755,1,1,1.0215,17.31,74.44,1.42,0.0,0,0.0,0,0.0,0,0.0,0,0.0,0,0.0,0,0.0,0,0.1,0,0.1,0,0.1,0,0.0,0,0.0,0,0.3,0,0.2,0,0.1,0,0.0,0,0.2,0,0.4,0,0.1,0,0.0,0,0.2,0,0.2,0,0.2,0,0.0,0
6,534,6,10,33,181,115,2024-06-12,0.1,0,1.0,0,0,3.2727,24.5,90.45,2.39,0.0,0,0.0,0,0.0,0,0.0,0,0.0,0,0.0,0,0.0,0,0.0,0,0.0,0,0.0,0,0.0,0,0.0,0,0.0,0,0.0,0,0.1,0,0.0,0,0.0,0,0.0,0,0.0,0,0.0,0,0.0,0,0.0,0,0.0,0,0.0,0
0,535,5,15,43,11,858,2024-05-16,0.1,0,1.0,0,0,2.0615,23.77,68.23,1.49,0.0,1,0.0,1,0.0,1,0.0,1,0.0,1,0.0,1,0.0,0,0.0,0,0.0,0,0.1,0,0.0,0,0.0,0,0.0,0,0.0,0,0.0,0,0.0,0,0.0,0,0.0,0,0.0,0,0.0,0,0.0,0,0.0,0,0.0,0,0.0,0
6,537,6,4,53,77,774,2024-04-06,0.8,9,1.0,1,0,1.7919,16.68,85.96,2.57,0.0,1,0.0,1,0.0,1,0.0,1,0.0,1,0.0,1,0.0,0,0.1,0,0.1,0,0.0,0,0.3,0,0.0,0,0.3,0,0.0,1,0.0,1,0.0,1,0.0,1,0.0,1,0.0,1,0.0,1,0.0,1,0.0,1,0.0,1,0.0,1
0,540,6,20,50,170,6,2024-04-09,0.6,8,0.928,0,0,3.86,17.05,77.56,1.7,0.0,0,0.0,0,0.0,0,0.0,0,0.0,0,0.1,0,0.0,0,0.0,0,0.2,0,0.0,1,0.0,1,0.0,1,0.0,1,0.0,1,0.0,1,0.1,0,0.1,0,0.0,0,0.0,0,0.1,0,0.0,1,0.0,1,0.0,1,0.0,1
0,540,6,10,33,181,129,2024-04-04,3.2,0,1.0,1,0,1.3075,16.08,74.27,1.47,0.0,1,0.2,1,0.0,1,0.0,1,0.0,1,0.1,1,0.0,0,0.1,0,0.4,0,0.2,0,0.9,0,0.4,0,0.0,0,0.1,0,0.1,0,0.2,0,0.2,0,0.0,0,0.2,0,0.0,0,0.0,0,0.0,0,0.1,0,0.0,0
0,540,5,16,25,103,631,2024-05-16,0.4,0,1.0,0,0,2.0455,22.63,68.33,1.86,0.0,1,0.0,1,0.0,1,0.0,1,0.0,1,0.0,0,0.0,0,0.0,0,0.0,0,0.2,0,0.0,0,0.0,0,0.0,0,0.0,0,0.0,0,0.0,0,0.0,0,0.0,0,0.1,0,0.0,0,0.0,0,0.0,0,0.1,0,0.0,0
6,541,6,4,28,167,843,2024-06-06,0.3,0,1.0,0,0,2.8293,24.28,86.59,2.27,0.0,1,0.0,0,0.0,0,0.0,0,0.0,0,0.0,0,0.0,0,0.0,0,0.3,0,0.0,0,0.0,0,0.0,0,0.0,0,0.0,0,0.0,0,0.0,0,0.0,0,0.0,0,0.0,0,0.0,0,0.0,0,0.0,0,0.0,0,0.0,0
16,542,6,4,28,142,351,2024-04-06,0.6,5,1.0,1,0,2.7409,17.94,78.96,1.64,0.0,0,0.0,0,0.0,0,0.0,0,0.0,0,0.0,0,0.0,0,0.1,0,0.2,0,0.0,0,0.0,0,0.0,0,0.1,0,0.1,0,0.0,0,0.0,0,0.1,0,0.0,1,0.0,1,0.0,1,0.0,1,0.0,1,0.0,1,0.0,1
16,544,2,31,79,227,364,2024-05-27,0.6,6,0.854,0,1,1.7264,23.02,66.86,1.52,0.0,1,0.0,1,0.0,0,0.0,0,0.0,0,0.0,0,0.0,0,0.0,0,0.0,0,0.0,0,0.0,0,0.1,0,0.0,0,0.2,0,0.2,0,0.1,0,0.0,1,0.0,1,0.0,1,0.0,1,0.0,1,0.0,1,0.0,1,0.0,1
16,546,2,31,79,230,549,2024-05-02,1.3,0,1.0,1,0,1.8981,21.43,73.3,1.55,0.0,0,0.0,0,0.0,0,0.0,0,0.0,0,0.0,0,0.0,0,0.0,0,0.5,0,0.4,0,0.4,0,0.0,0,0.0,0,0.0,0,0.0,0,0.0,0,0.0,0,0.0,0,0.0,0,0.0,0,0.0,0,0.0,0,0.0,0,0.0,0
16,547,5,18,80,86,11,2024-04-30,0.5,6,0.961,0,0,2.7686,20.16,74.28,2.36,0.0,1,0.0,1,0.0,1,0.0,1,0.0,1,0.0,0,0.0,0,0.1,0,0.0,0,0.0,0,0.1,0,0.0,0,0.0,0,0.0,0,0.2,0,0.1,0,0.0,1,0.0,1,0.0,1,0.0,1,0.0,1,0.0,1,0.0,1,0.0,1
0,551,2,31,79,128,387,2024-04-24,0.3,0,1.0,0,0,0.8774,19.35,76.75,1.37,0.0,1,0.0,1,0.0,1,0.0,1,0.0,1,0.0,0,0.0,0,0.0,0,0.0,0,0.0,0,0.0,0,0.0,0,0.0,0,0.0,0,0.0,0,0.0,0,0.2,0,0.0,0,0.0,0,0.1,0,0.0,0,0.0,0,0.0,0,0.0,0
0,554,6,20,47,140,119,2024-04-14,3.1,2,0.721,1,1,3.4328,17.51,77.96,1.76,0.0,1,0.0,1,0.0,1,0.0,1,0.0,1,0.1,1,0.1,0,0.1,0,0.1,0,0.3,0,0.3,0,0.4,0,0.3,0,0.3,0,0.0,1,0.2,1,0.1,0,0.1,0,0.3,0,0.1,0,0.1,0,0.0,0,0.2,0,0.0,0
0,554,6,21,64,19,691,2024-06-23,7.3,2,0.821,1,1,10.2658,27.77,84.75,1.45,0.0,1,0.0,1,0.0,1,0.0,1,0.0,1,0.0,1,0.5,0,1.0,0,0.4,0,0.8,0,0.9,0,0.4,0,0.1,0,0.0,1,0.2,1,0.6,0,0.6,0,0.6,0,0.3,0,0.3,0,0.5,0,0.1,0,0.0,0,0.0,0
0,555,5,18,80,86,11,2024-04-27,1.1,0,0.922,1,0,1.5851,20.21,75.42,1.41,0.0,1,0.0,1,0.0,1,0.0,1,0.0,1,0.0,0,0.0,0,0.2,0,0.0,0,0.2,0,0.0,0,0.0,0,0.3,0,0.0,0,0.1,0,0.1,0,0.0,0,0.1,0,0.0,0,0.0,0,0.0,0,0.1,0,0.0,0,0.0,0
0,555,6,8,29,115,99,2024-04-06,1.6,5,0.725,1,1,2.8081,17.55,78.55,1.43,0.0,1,0.0,1,0.0,1,0.0,1,0.0,1,0.0,0,0.0,0,0.3,0,0.1,0,0.1,0,0.1,0,0.4,0,0.2,0,0.2,0,0.1,0,0.0,0,0.1,0,0.0,1,0.0,1,0.0,1,0.0,1,0.0,1,0.0,1,0.0,1
0,555,5,16,26,96,345,2024-05-31,0.7,0,1.0,0,0,2.2303,23.69,67.46,1.73,0.0,1,0.0,1,0.0,0,0.0,0,0.0,0,0.0,0,0.2,0,0.0,0,0.0,0,0.0,0,0.0,0,0.1,0,0.0,0,0.3,0,0.1,0,0.0,0,0.0,0,0.0,0,0.0,0,0.0,0,0.0,0,0.0,0,0.0,0,0.0,0
0,555,2,30,74,222,553,2024-05-17,0.3,0,0.828,0,1,0.6166,23.62,70.58,1.62,0.0,0,0.0,0,0.0,0,0.0,0,0.0,0,0.0,0,0.0,0,0.0,0,0.0,0,0.0,0,0.3,0,0.0,0,0.0,0,0.0,0,0.0,0,0.0,0,0.0,0,0.0,0,0.0,0,0.0,0,0.0,0,0.0,0,0.0,0,0.0,0
0,555,6,4,28,167,843,2024-06-21,0.5,0,0.942,0,0,5.1432,27.03,82.11,1.43,0.0,0,0.0,0,0.0,0,0.0,0,0.0,0,0.0,0,0.0,0,0.1,0,0.3,0,0.0,0,0.0,0,0.0,0,0.0,0,0.1,0,0.0,0,0.0,0,0.0,0,0.0,0,0.0,0,0.0,0,0.0,0,0.0,0,0.0,0,0.0,0
0,557,2,31,79,22,373,2024-05-22,0.5,0,0.852,0,1,1.3022,23.22,76.89,1.16,0.0,0,0.0,0,0.0,0,0.0,0,0.0,0,0.0,0,0.1,0,0.0,0,0.0,0,0.0,0,0.0,0,0.2,0,0.0,0,0.1,0,0.0,0,0.0,0,0.0,0,0.0,0,0.1,0,0.0,0,0.0,0,0.0,0,0.0,0,0.0,0
12,558,6,24,67,225,845,2024-05-06,0.9,0,1.0,0,0,2.6659,22.0,74.23,2.48,0.0,0,0.0,0,0.0,0,0.0,0,0.0,0,0.0,0,0.0,0,0.0,0,0.0,0,0.0,0,0.0,0,0.0,0,0.0,0,0.0,0,0.0,0,0.0,0,0.2,0,0.2,0,0.5,0,0.0,0,0.0,0,0.0,0,0.0,0,0.0,0
16,565,6,4,28,179,207,2024-06-21,0.9,0,0.759,0,1,8.1191,26.76,82.93,1.59,0.0,1,0.0,1,0.0,1,0.0,1,0.0,1,0.0,1,0.0,0,0.0,0,0.0,0,0.2,0,0.1,0,0.2,0,0.0,0,0.0,0,0.0,0,0.2,0,0.2,0,0.0,0,0.0,0,0.0,0,0.0,0,0.0,0,0.0,0,0.0,0
16,571,0,5,6,65,244,2024-05-31,0.2,0,0.614,0,0,1.8573,24.73,65.24,1.59,0.0,0,0.0,0,0.0,0,0.0,0,0.0,0,0.0,0,0.0,0,0.0,0,0.0,0,0.0,0,0.0,0,0.2,0,0.0,0,0.0,0,0.0,0,0.0,0,0.0,0,0.0,0,0.0,0,0.0,0,0.0,0,0.0,0,0.0,0,0.0,0
16,575,6,4,28,1,796,2024-04-05,0.9,0,0.599,1,1,1.0245,17.08,74.5,1.51,0.0,0,0.0,0,0.0,0,0.0,0,0.0,0,0.0,0,0.0,0,0.2,0,0.1,0,0.0,0,0.0,0,0.1,0,0.0,0,0.1,0,0.0,0,0.0,0,0.1,0,0.0,0,0.0,0,0.0,0,0.3,0,0.0,0,0.0,0,0.0,0
0,577,5,16,25,103,631,2024-05-11,0.7,0,0.932,1,1,2.1775,21.24,71.8,1.49,0.0,0,0.0,0,0.0,0,0.0,0,0.0,0,0.0,0,0.0,0,0.0,0,0.0,0,0.0,0,0.1,0,0.4,0,0.0,0,0.0,0,0.0,0,0.0,0,0.1,0,0.1,0,0.0,0,0.0,0,0.0,0,0.0,0,0.0,0,0.0,0
0,577,0,28,72,154,703,2024-04-22,0.2,16,1.0,0,0,2.0415,17.99,77.42,1.31,0.0,1,0.0,1,0.0,1,0.0,1,0.0,1,0.0,1,0.0,1,0.0,1,0.0,1,0.0,1,0.1,1,0.0,1,0.0,1,0.0,1,0.1,1,0.0,1,0.0,1,0.0,1,0.0,1,0.0,1,0.0,1,0.0,1,0.0,1,0.0,1
0,578,6,4,28,1,117,2024-05-09,3.0,9,1.0,0,0,0.2931,21.76,67.27,1.47,0.1,1,0.0,0,0.0,0,0.0,0,0.0,0,0.1,0,0.0,0,0.7,0,0.9,0,0.2,0,0.4,0,0.4,0,0.2,0,0.0,1,0.0,1,0.0,1,0.0,1,0.0,1,0.0,1,0.0,1,0.0,1,0.0,1,0.0,1,0.0,1
0,579,6,10,33,83,253,2024-05-23,0.3,0,0.881,0,1,1.5778,23.82,70.39,1.46,0.0,0,0.0,0,0.0,0,0.0,0,0.0,0,0.0,0,0.0,0,0.0,0,0.2,0,0.0,0,0.0,0,0.0,0,0.0,0,0.0,0,0.1,0,0.0,0,0.0,0,0.0,0,0.0,0,0.0,0,0.0,0,0.0,0,0.0,0,0.0,0
0,580,2,29,76,60,596,2024-04-08,0.2,0,1.0,0,0,1.4342,16.95,77.08,1.09,0.0,0,0.0,0,0.0,0,0.0,0,0.0,0,0.0,0,0.0,0,0.0,0,0.0,0,0.1,0,0.0,0,0.0,0,0.0,0,0.0,0,0.0,0,0.1,0,0.0,0,0.0,0,0.0,0,0.0,0,0.0,0,0.0,0,0.0,0,0.0,0
0,580,2,29,76,60,740,2024-05-09,0.7,6,1.0,0,0,0.2918,21.75,67.17,1.48,0.0,1,0.0,1,0.0,1,0.0,0,0.0,0,0.0,0,0.1,0,0.1,0,0.0,0,0.0,0,0.2,0,0.2,0,0.0,0,0.0,0,0.0,0,0.1,0,0.0,1,0.0,1,0.0,1,0.0,1,0.0,1,0.0,1,0.0,1,0.0,1
0,581,0,28,72,218,411,2024-06-05,0.4,0,0.784,0,1,1.8234,23.39,79.32,1.73,0.0,0,0.0,0,0.0,0,0.0,0,0.0,0,0.0,0,0.0,0,0.0,0,0.0,0,0.0,0,0.0,0,0.0,0,0.0,0,0.0,0,0.1,0,0.1,0,0.0,0,0.0,0,0.1,0,0.1,0,0.0,0,0.0,0,0.0,0,0.0,0
0,581,6,4,53,77,774,2024-06-02,1.1,0,1.0,1,0,1.7355,22.95,75.8,2.07,0.0,0,0.0,0,0.0,0,0.0,0,0.0,0,0.0,0,0.0,0,0.0,0,0.2,0,0.2,0,0.3,0,0.0,0,0.0,0,0.0,0,0.1,0,0.0,0,0.3,0,0.0,0,0.0,0,0.0,0,0.0,0,0.0,0,0.0,0,0.0,0
0,583,5,16,25,103,426,2024-06-23,1.0,12,0.976,1,0,9.8955,27.35,84.74,1.32,0.0,0,0.0,0,0.0,0,0.0,0,0.0,0,0.0,0,0.0,0,0.5,0,0.1,0,0.3,0,0.1,1,0.0,1,0.0,1,0.0,1,0.0,1,0.0,1,0.0,1,0.0,1,0.0,1,0.0,1,0.0,1,0.0,1,0.0,1,0.0,1
13,584,5,16,25,99,392,2024-05-24,1.9,0,1.0,0,0,7.0044,25.35,86.53,1.79,0.0,0,0.0,0,0.0,0,0.0,0,0.0,0,0.0,0,0.0,0,0.1,0,0.3,0,0.2,0,0.1,0,0.3,0,0.0,0,0.1,0,0.1,0,0.0,0,0.2,0,0.0,0,0.1,0,0.1,0,0.1,0,0.0,0,0.0,0,0.2,0
13,584,5,16,25,94,522,2024-06-21,0.5,0,1.0,0,0,7.4339,28.97,81.53,2.04,0.0,0,0.0,0,0.0,0,0.0,0,0.0,0,0.0,0,0.1,0,0.0,0,0.1,0,0.1,0,0.0,0,0.0,0,0.0,0,0.0,0,0.0,0,0.0,0,0.1,0,0.0,0,0.0,0,0.0,0,0.0,0,0.1,0,0.0,0,0.0,0
0,586,5,16,27,104,635,2024-05-26,1.3,4,0.841,1,0,0.8586,22.57,67.21,1.98,0.0,0,0.0,0,0.0,0,0.0,0,0.0,0,0.0,0,0.0,0,0.0,0,0.2,0,0.2,0,0.3,0,0.2,0,0.2,0,0.0,0,0.0,0,0.0,0,0.1,0,0.1,0,0.0,1,0.0,1,0.0,1,0.0,1,0.0,1,0.0,1
13,587,5,16,25,105,531,2024-05-21,1.0,2,0.743,0,1,14.3514,25.75,87.83,1.67,0.0,1,0.0,1,0.0,1,0.1,1,0.0,1,0.0,1,0.0,0,0.0,0,0.0,0,0.0,0,0.1,0,0.1,0,0.0,0,0.2,0,0.0,0,0.1,0,0.0,0,0.0,0,0.0,0,0.3,0,0.0,1,0.0,1,0.1,1,0.0,1
13,589,5,16,25,105,531,2024-05-22,1.2,4,0.743,0,1,11.1298,25.57,87.19,1.42,0.0,1,0.0,1,0.0,1,0.0,1,0.1,1,0.0,1,0.0,0,0.3,0,0.0,0,0.5,0,0.0,0,0.0,0,0.0,0,0.1,0,0.0,0,0.1,0,0.0,0,0.1,0,0.0,1,0.0,1,0.0,1,0.0,1,0.0,1,0.0,1
13,592,5,16,25,105,531,2024-06-23,0.4,0,1.0,1,0,4.0009,29.08,80.14,1.79,0.0,1,0.0,0,0.0,0,0.0,0,0.0,0,0.0,0,0.0,0,0.0,0,0.0,0,0.0,0,0.0,0,0.1,0,0.0,0,0.0,0,0.2,0,0.0,0,0.1,0,0.0,0,0.0,0,0.0,0,0.0,0,0.0,0,0.0,0,0.0,0
0,593,6,21,64,133,80,2024-03-31,0.8800000000000001,0,1.0,1,0,1.4831,16.18,79.13,1.64,0.0,0,0.0,0,0.0,0,0.0,0,0.0,0,0.0,0,0.1,0,0.1,0,0.0,0,0.1,0,0.2,0,0.0,0,0.0,0,0.0,0,0.0,0,0.0,0,0.1,0,0.1,0,0.1,0,0.08,0,0.0,0,0.0,0,0.0,0,0.0,0
0,593,6,21,64,76,206,2024-04-19,0.0,0,1.0,0,0,2.0157,19.18,78.74,1.58,0.0,0,0.0,0,0.0,0,0.0,0,0.0,0,0.0,0,0.0,0,0.0,0,0.0,0,0.0,0,0.0,0,0.0,0,0.0,0,0.0,0,0.0,0,0.0,0,0.0,0,0.0,0,0.0,0,0.0,0,0.0,0,0.0,0,0.0,0,0.0,0
0,595,6,21,61,223,93,2024-06-06,0.4,9,0.85,0,1,0.8536,24.79,75.06,1.64,0.0,0,0.1,0,0.0,0,0.0,0,0.0,0,0.0,0,0.0,0,0.0,0,0.2,0,0.0,0,0.0,0,0.0,0,0.1,0,0.0,1,0.0,1,0.0,1,0.0,1,0.0,1,0.0,1,0.0,1,0.0,1,0.0,1,0.0,1,0.0,1
0,595,6,4,28,168,554,2024-04-21,1.2,0,0.987,1,0,1.5483,19.98,78.45,1.36,0.0,0,0.0,0,0.0,0,0.0,0,0.0,0,0.0,0,0.0,0,0.0,0,0.2,0,0.2,0,0.1,0,0.4,0,0.1,0,0.0,0,0.1,0,0.1,0,0.0,0,0.0,0,0.0,0,0.0,0,0.0,0,0.0,0,0.0,0,0.0,0
0,595,2,30,75,191,699,2024-06-13,0.3,0,1.0,0,0,6.486,26.24,78.74,1.52,0.0,0,0.0,0,0.0,0,0.0,0,0.0,0,0.0,0,0.0,0,0.1,0,0.0,0,0.0,0,0.0,0,0.0,0,0.0,0,0.1,0,0.1,0,0.0,0,0.0,0,0.0,0,0.0,0,0.0,0,0.0,0,0.0,0,0.0,0,0.0,0
0,596,6,4,28,179,207,2024-04-21,0.8,0,1.0,1,0,1.5721,19.65,74.22,1.47,0.0,0,0.0,0,0.0,0,0.0,0,0.0,0,0.0,0,0.0,0,0.0,0,0.3,0,0.1,0,0.0,0,0.1,0,0.0,0,0.0,0,0.1,0,0.0,0,0.1,0,0.1,0,0.0,0,0.0,0,0.0,0,0.0,0,0.0,0,0.0,0
0,597,2,29,76,60,580,2024-03-30,2.4,4,0.992,1,0,1.497,16.51,78.14,1.62,0.0,1,0.0,1,0.0,1,0.0,1,0.2,0,0.0,0,0.1,0,0.0,0,0.3,0,0.7,0,0.4,0,0.2,0,0.0,0,0.0,0,0.1,0,0.0,0,0.1,0,0.3,0,0.0,1,0.0,1,0.0,1,0.0,1,0.0,1,0.0,1
16,598,2,29,76,60,740,2024-04-19,0.7,5,1.0,0,0,0.8877,19.78,75.49,2.13,0.0,1,0.0,1,0.0,1,0.0,1,0.0,0,0.0,0,0.0,0,0.0,0,0.0,0,0.0,0,0.0,0,0.0,0,0.1,0,0.1,0,0.1,0,0.1,0,0.2,0,0.1,1,0.0,1,0.0,1,0.0,1,0.0,1,0.0,1,0.0,1
0,599,6,4,28,10,140,2024-05-12,0.6,11,0.73,1,1,0.6408,21.6,65.72,1.09,0.0,0,0.0,0,0.0,0,0.0,0,0.0,0,0.0,0,0.0,0,0.2,0,0.0,0,0.1,0,0.3,0,0.0,1,0.0,1,0.0,1,0.0,1,0.0,1,0.0,1,0.0,1,0.0,1,0.0,1,0.0,1,0.0,1,0.0,1,0.0,1
16,600,6,21,61,223,93,2024-05-12,0.7,0,0.749,1,1,0.7977,22.75,65.4,1.42,0.0,0,0.0,0,0.0,0,0.0,0,0.0,0,0.0,0,0.1,0,0.0,0,0.0,0,0.0,0,0.0,0,0.1,0,0.0,0,0.1,0,0.0,0,0.0,0,0.1,0,0.1,0,0.0,0,0.1,0,0.1,0,0.0,0,0.0,0,0.0,0
11,602,6,4,53,156,26,2024-04-09,0.2,0,0.875,0,1,3.3007,17.73,79.56,1.59,0.0,0,0.0,0,0.0,0,0.0,0,0.0,0,0.0,0,0.1,0,0.1,0,0.0,0,0.0,0,0.0,0,0.0,0,0.0,0,0.0,0,0.0,0,0.0,0,0.0,0,0.0,0,0.0,0,0.0,0,0.0,0,0.0,0,0.0,0,0.0,0
11,602,6,10,33,181,115,2024-04-16,0.0,16,0.8479999899864197,0,1,1.6933,19.09,76.14,1.5,0.0,1,0.0,1,0.0,1,0.0,1,0.0,1,0.0,1,0.0,1,0.0,1,0.0,1,0.0,1,0.0,1,0.0,1,0.0,1,0.0,1,0.0,1,0.0,1,0.0,1,0.0,1,0.0,1,0.0,1,0.0,1,0.0,1,0.0,1,0.0,1
12,606,6,4,28,81,191,2024-04-09,0.4,11,1.0,0,0,3.4331,19.67,80.98,2.33,0.0,0,0.0,0,0.0,0,0.0,0,0.0,0,0.0,0,0.0,0,0.0,0,0.1,0,0.1,0,0.2,0,0.0,1,0.0,1,0.0,1,0.0,1,0.0,1,0.0,1,0.0,1,0.0,1,0.0,1,0.0,1,0.0,1,0.0,0,0.0,0
16,607,5,16,27,104,635,2024-04-25,0.3,0,0.913,0,0,2.9912,20.43,75.5,2.47,0.0,0,0.0,0,0.0,0,0.0,0,0.0,0,0.1,0,0.0,0,0.0,0,0.0,0,0.0,0,0.0,0,0.0,0,0.0,0,0.1,0,0.0,0,0.0,0,0.0,0,0.0,0,0.0,0,0.0,0,0.0,0,0.1,0,0.0,0,0.0,0
16,607,5,16,25,94,638,2024-05-20,0.4,0,0.856,0,1,1.5705,23.9,70.21,1.43,0.0,1,0.0,1,0.0,1,0.0,1,0.0,1,0.0,1,0.0,0,0.0,0,0.0,0,0.0,0,0.0,0,0.0,0,0.0,0,0.0,0,0.0,0,0.1,0,0.0,0,0.2,0,0.0,0,0.0,0,0.0,0,0.0,0,0.1,0,0.0,0
6,609,6,4,53,77,363,2024-04-07,0.5,9,1.0,0,0,1.957,17.94,85.82,2.38,0.0,1,0.0,1,0.0,1,0.0,1,0.0,1,0.0,1,0.1,0,0.0,0,0.0,0,0.0,0,0.2,0,0.1,0,0.1,0,0.0,1,0.0,1,0.0,1,0.0,1,0.0,1,0.0,1,0.0,1,0.0,1,0.0,1,0.0,1,0.0,1
11,614,5,16,27,98,291,2024-05-22,0.3,0,0.881,0,1,1.3779,24.58,63.33,1.17,0.0,1,0.0,1,0.0,0,0.0,0,0.0,0,0.0,0,0.0,0,0.0,0,0.0,0,0.0,0,0.1,0,0.0,0,0.0,0,0.0,0,0.0,0,0.0,0,0.1,0,0.1,0,0.0,0,0.0,0,0.0,0,0.0,0,0.0,0,0.0,0
0,621,5,16,25,99,634,2024-04-10,0.4,0,0.887,0,1,2.2444,16.94,75.97,2.42,0.0,1,0.0,1,0.0,1,0.0,1,0.0,1,0.0,1,0.0,0,0.0,0,0.0,0,0.0,0,0.0,0,0.0,0,0.0,0,0.0,0,0.0,0,0.0,0,0.2,0,0.0,0,0.0,0,0.0,0,0.1,0,0.1,0,0.0,1,0.0,1
13,627,6,21,64,184,589,2024-05-04,14.8,10,0.0,1,0,5.2191,26.64,81.26,1.73,0.0,1,0.0,1,0.0,1,0.2,0,0.3,0,0.1,0,0.3,0,1.6,0,2.0,0,4.3,0,4.2,0,1.6,0,0.1,1,0.1,1,0.0,1,0.0,1,0.0,1,0.0,1,0.0,1,0.0,1,0.0,1,0.0,1,0.0,1,0.0,1
0,628,6,8,29,113,16,2024-06-04,0.3,6,0.882,0,1,1.26,24.02,70.98,1.73,0.0,1,0.0,1,0.0,1,0.0,1,0.0,1,0.0,0,0.0,0,0.0,0,0.1,0,0.1,0,0.0,0,0.0,0,0.0,0,0.0,0,0.0,0,0.1,0,0.0,1,0.0,1,0.0,1,0.0,1,0.0,1,0.0,1,0.0,1,0.0,1
0,628,6,4,28,81,21,2024-04-30,0.9,4,1.0,0,0,3.2013,19.49,73.52,1.98,0.0,0,0.0,0,0.0,0,0.0,0,0.0,0,0.0,0,0.0,0,0.1,0,0.0,0,0.1,0,0.0,0,0.0,0,0.2,0,0.1,0,0.0,0,0.2,0,0.0,0,0.1,0,0.0,1,0.0,1,0.0,1,0.0,1,0.1,1,0.0,0
0,628,4,27,0,0,816,2024-06-01,0.5,0,1.0,1,0,1.9175,23.52,70.26,1.39,0.0,0,0.0,0,0.0,0,0.0,0,0.0,0,0.0,0,0.0,0,0.0,0,0.0,0,0.0,0,0.0,0,0.0,0,0.0,0,0.0,0,0.0,0,0.0,0,0.0,0,0.1,0,0.0,0,0.1,0,0.0,0,0.2,0,0.0,0,0.1,1
11,631,6,24,66,199,712,2024-05-17,1.0,0,1.0,0,0,0.4904,24.49,68.43,1.48,0.1,1,0.0,1,0.0,1,0.0,0,0.0,0,0.0,0,0.0,0,0.0,0,0.0,0,0.1,0,0.4,0,0.0,0,0.1,0,0.0,0,0.1,0,0.0,0,0.1,0,0.0,0,0.1,0,0.0,0,0.0,0,0.0,0,0.0,0,0.0,0
11,633,6,10,33,177,116,2024-04-09,1.4,4,1.0,0,0,3.3006,17.73,79.56,1.59,0.1,0,0.0,0,0.0,0,0.0,0,0.0,0,0.0,0,0.0,0,0.4,0,0.2,0,0.1,0,0.0,0,0.2,0,0.1,0,0.0,0,0.0,0,0.0,0,0.1,0,0.1,0,0.0,1,0.0,1,0.1,1,0.0,1,0.0,1,0.0,1
13,639,5,16,25,106,815,2024-06-20,0.5,13,1.0,0,0,5.1175,29.15,81.12,1.84,0.0,1,0.0,1,0.0,1,0.0,1,0.0,1,0.0,0,0.0,0,0.1,0,0.3,0,0.0,1,0.0,1,0.0,1,0.0,1,0.0,1,0.0,1,0.0,1,0.0,1,0.0,1,0.0,1,0.0,1,0.0,1,0.0,1,0.1,1,0.0,1
0,640,6,10,57,205,719,2024-04-03,0.4,8,1.0,0,0,2.5479,16.91,81.0,1.46,0.0,0,0.0,0,0.0,0,0.0,0,0.0,0,0.0,0,0.0,0,0.0,0,0.2,0,0.1,0,0.0,0,0.0,0,0.0,0,0.1,0,0.0,1,0.0,1,0.0,1,0.0,1,0.0,1,0.0,1,0.0,1,0.0,1,0.0,1,0.0,1
13,642,5,16,25,105,531,2024-05-12,0.9,9,0.743,1,1,8.3911,25.21,78.01,1.45,0.0,0,0.0,0,0.0,0,0.0,0,0.0,0,0.1,0,0.0,0,0.1,0,0.0,0,0.3,0,0.1,0,0.2,0,0.1,0,0.0,1,0.0,1,0.0,1,0.0,1,0.0,1,0.0,1,0.0,1,0.0,1,0.0,1,0.0,1,0.0,1
13,646,3,25,71,213,447,2024-05-30,1.1,0,0.884,0,1,7.8532,26.38,78.83,2.5,0.1,0,0.0,0,0.0,0,0.0,0,0.0,0,0.0,0,0.0,0,0.1,0,0.0,0,0.1,0,0.0,0,0.0,0,0.1,0,0.0,0,0.0,0,0.0,0,0.1,0,0.3,0,0.1,0,0.0,0,0.2,0,0.0,0,0.0,0,0.0,0
0,648,5,16,25,105,310,2024-05-18,0.8,0,1.0,1,0,0.6875,23.14,71.54,2.45,0.0,0,0.0,0,0.0,0,0.0,0,0.0,0,0.0,0,0.0,0,0.0,0,0.0,0,0.3,0,0.0,0,0.2,0,0.0,0,0.0,0,0.1,0,0.1,0,0.0,0,0.1,0,0.0,0,0.0,0,0.0,0,0.0,0,0.0,0,0.0,0
16,650,6,4,53,77,41,2024-05-26,0.3,0,1.0,1,0,1.5139,24.28,66.09,1.98,0.0,0,0.0,0,0.0,0,0.0,0,0.0,0,0.0,0,0.0,0,0.0,0,0.0,0,0.1,0,0.0,0,0.0,0,0.0,0,0.0,0,0.0,0,0.0,0,0.0,0,0.0,0,0.1,0,0.0,0,0.0,0,0.0,0,0.1,0,0.0,0
11,651,6,4,28,180,118,2024-05-18,0.8,0,0.875,1,1,0.4091,24.64,68.62,1.33,0.0,0,0.0,0,0.0,0,0.0,0,0.0,0,0.0,0,0.1,0,0.1,0,0.1,0,0.2,0,0.0,0,0.0,0,0.0,0,0.0,0,0.0,0,0.0,0,0.1,0,0.0,0,0.0,0,0.1,0,0.0,0,0.0,0,0.0,0,0.1,0
0,658,6,4,28,161,136,2024-04-25,0.6,0,0.799,0,1,3.8171,19.66,74.68,1.44,0.0,0,0.1,0,0.0,0,0.0,0,0.0,0,0.0,0,0.0,0,0.1,0,0.0,0,0.0,0,0.1,0,0.0,0,0.0,0,0.0,0,0.0,0,0.1,0,0.2,0,0.0,0,0.0,0,0.0,0,0.0,0,0.0,0,0.0,0,0.0,0
0,658,0,28,72,154,834,2024-04-23,0.2,14,1.0,0,0,1.4565,18.17,76.69,1.77,0.0,1,0.0,1,0.0,1,0.0,0,0.0,0,0.0,0,0.0,0,0.2,0,0.0,1,0.0,1,0.0,1,0.0,1,0.0,1,0.0,1,0.0,1,0.0,1,0.0,1,0.0,1,0.0,1,0.0,1,0.0,1,0.0,1,0.0,1,0.0,1
13,660,6,4,28,180,50,2024-05-30,0.7,0,1.0,0,0,7.8471,26.38,78.83,2.5,0.0,0,0.0,0,0.0,0,0.0,0,0.0,0,0.0,0,0.0,0,0.2,0,0.0,0,0.1,0,0.0,0,0.0,0,0.2,0,0.0,0,0.0,0,0.0,0,0.0,0,0.0,0,0.0,0,0.0,0,0.0,0,0.1,0,0.1,0,0.0,0
13,660,2,29,76,231,73,2024-03-30,0.6,11,0.975,1,0,1.9202,24.29,81.71,1.86,0.0,1,0.0,0,0.0,0,0.0,0,0.0,0,0.0,0,0.0,0,0.0,0,0.1,0,0.1,0,0.4,0,0.0,1,0.0,1,0.0,1,0.0,1,0.0,1,0.0,1,0.0,1,0.0,1,0.0,1,0.0,1,0.0,1,0.0,1,0.0,1
0,664,6,8,29,113,201,2024-05-16,0.0,16,0.8999999761581421,0,1,1.6893,22.72,68.4,2.56,0.0,1,0.0,1,0.0,1,0.0,1,0.0,1,0.0,1,0.0,1,0.0,1,0.0,1,0.0,1,0.0,1,0.0,1,0.0,1,0.0,1,0.0,1,0.0,1,0.0,1,0.0,1,0.0,1,0.0,1,0.0,1,0.0,1,0.0,1,0.0,1
6,667,6,10,33,177,116,2024-05-08,0.0,16,1.0,0,0,1.7555,21.17,76.32,2.34,0.0,1,0.0,1,0.0,1,0.0,1,0.0,1,0.0,1,0.0,1,0.0,1,0.0,1,0.0,1,0.0,1,0.0,1,0.0,1,0.0,1,0.0,1,0.0,1,0.0,1,0.0,1,0.0,1,0.0,1,0.0,1,0.0,1,0.0,1,0.0,1
11,668,6,20,50,2,104,2024-05-07,2.8,0,0.641,0,1,1.0417,21.13,68.62,1.4,0.0,1,0.0,1,0.0,1,0.0,1,0.0,1,0.0,1,0.0,0,0.1,0,0.2,0,0.1,0,0.2,0,0.1,0,0.2,0,0.3,0,0.2,0,0.0,0,0.6,0,0.3,0,0.0,0,0.0,0,0.2,0,0.2,0,0.0,0,0.1,0
0,671,0,28,72,218,411,2024-05-02,0.4,0,0.827,1,1,1.6068,21.03,71.75,1.41,0.0,0,0.0,0,0.0,0,0.0,0,0.0,0,0.0,0,0.1,0,0.0,0,0.0,0,0.0,0,0.1,0,0.1,0,0.0,0,0.0,0,0.0,0,0.0,0,0.0,0,0.0,0,0.0,0,0.0,0,0.0,0,0.1,0,0.0,1,0.0,1
0,671,0,5,7,66,802,2024-05-19,2.3,0,0.807,1,0,2.1206,23.97,73.34,1.39,0.0,0,0.0,0,0.0,0,0.0,0,0.0,0,0.0,0,0.0,0,0.0,0,0.0,0,0.0,0,0.0,0,0.3,0,0.0,0,0.0,0,0.4,0,0.0,0,0.8,0,0.2,0,0.2,0,0.1,0,0.0,0,0.0,0,0.2,0,0.1,0
12,675,6,10,33,177,116,2024-06-02,0.9,0,1.0,1,0,4.0089,23.56,77.05,2.02,0.0,0,0.0,0,0.0,0,0.0,0,0.0,0,0.0,0,0.0,0,0.0,0,0.0,0,0.0,0,0.1,0,0.0,0,0.0,0,0.1,0,0.1,0,0.1,0,0.2,0,0.0,0,0.0,0,0.1,0,0.0,0,0.0,0,0.1,0,0.1,0
13,676,6,21,64,184,589,2024-06-07,8.1,3,0.0,0,0,8.3246,27.58,83.85,1.59,0.0,1,0.0,1,0.0,1,0.0,1,0.0,1,0.0,1,0.1,0,0.3,0,0.7,0,0.8,0,1.1,0,0.6,0,0.4,0,0.6,0,0.3,0,0.6,0,1.1,0,0.8,0,0.7,0,0.0,1,0.0,1,0.0,1,0.0,1,0.0,1
13,682,2,29,78,82,4,2024-04-12,0.5,0,0.909,0,0,9.0598,26.25,79.2,1.59,0.0,1,0.0,1,0.0,0,0.0,0,0.0,0,0.0,0,0.0,0,0.0,0,0.0,0,0.0,0,0.0,0,0.0,0,0.0,0,0.0,0,0.0,0,0.0,0,0.0,0,0.2,0,0.3,0,0.0,0,0.0,0,0.0,0,0.0,0,0.0,0
0,684,6,20,50,24,300,2024-04-21,4.1,0,1.0,1,0,1.5684,20.27,74.25,1.34,0.0,0,0.0,0,0.0,0,0.0,0,0.0,0,0.1,0,0.1,0,0.8,0,0.7,0,1.4,0,0.3,0,0.1,0,0.1,0,0.0,0,0.1,0,0.1,0,0.1,0,0.0,0,0.0,0,0.1,0,0.0,0,0.1,0,0.0,0,0.0,0
12,695,6,10,38,190,715,2024-04-04,0.5,0,1.0,1,0,2.146,16.21,79.43,2.45,0.0,0,0.0,0,0.0,0,0.0,0,0.0,0,0.0,0,0.0,0,0.0,0,0.0,0,0.0,0,0.1,0,0.2,0,0.0,0,0.0,0,0.1,0,0.0,0,0.0,0,0.0,0,0.0,0,0.0,0,0.1,0,0.0,0,0.0,0,0.0,0
13,702,2,30,75,193,371,2024-05-26,0.9,0,1.0,1,0,8.1668,26.24,84.95,2.0,0.0,0,0.0,0,0.0,0,0.0,0,0.0,0,0.0,0,0.2,0,0.0,0,0.0,0,0.2,0,0.0,0,0.1,0,0.1,0,0.0,0,0.0,0,0.2,0,0.0,0,0.1,0,0.0,0,0.0,0,0.0,0,0.0,0,0.0,0,0.0,0
13,702,0,5,6,65,694,2024-05-06,0.1,0,1.0,0,0,2.6711,26.78,82.22,1.22,0.0,0,0.0,0,0.0,0,0.0,0,0.0,0,0.0,0,0.0,0,0.0,0,0.0,0,0.0,0,0.0,0,0.0,0,0.0,0,0.0,0,0.0,0,0.1,0,0.0,0,0.0,0,0.0,0,0.0,0,0.0,0,0.0,0,0.0,0,0.0,0
13,703,6,4,28,180,50,2024-04-18,1.4,7,1.0,0,0,14.5874,25.81,82.82,1.48,0.0,1,0.2,1,0.0,1,0.0,1,0.0,1,0.0,1,0.0,1,0.0,0,0.0,0,0.2,0,0.3,0,0.1,0,0.0,0,0.0,0,0.0,0,0.6,0,0.0,1,0.0,1,0.0,1,0.0,1,0.0,1,0.0,1,0.0,1,0.0,1
0,704,6,4,28,216,20,2024-05-26,0.6,13,0.837,1,1,0.6796,22.78,67.08,2.03,0.0,0,0.0,0,0.0,0,0.0,0,0.0,0,0.0,0,0.0,0,0.5,0,0.0,0,0.1,1,0.0,1,0.0,1,0.0,1,0.0,1,0.0,1,0.0,1,0.0,1,0.0,1,0.0,1,0.0,1,0.0,1,0.0,1,0.0,1,0.0,1
0,704,6,10,33,181,129,2024-04-28,0.7,12,1.0,1,0,3.1479,20.55,76.77,2.16,0.2,0,0.0,0,0.0,0,0.0,0,0.0,0,0.0,0,0.2,0,0.0,0,0.2,0,0.0,1,0.0,1,0.1,0,0.0,1,0.0,1,0.0,1,0.0,1,0.0,1,0.0,1,0.0,1,0.0,1,0.0,1,0.0,1,0.0,1,0.0,1
13,705,0,28,3,7,381,2024-05-20,0.0,16,1.0,0,0,16.7931,26.3,87.86,1.26,0.0,1,0.0,1,0.0,1,0.0,1,0.0,1,0.0,1,0.0,1,0.0,1,0.0,1,0.0,1,0.0,1,0.0,1,0.0,1,0.0,1,0.0,1,0.0,1,0.0,1,0.0,1,0.0,1,0.0,1,0.0,1,0.0,1,0.0,1,0.0,1
13,706,5,16,25,94,522,2024-04-07,0.4,6,1.0,0,0,1.35,26.22,79.13,1.19,0.0,1,0.0,1,0.0,1,0.0,1,0.0,0,0.0,0,0.0,0,0.1,0,0.1,0,0.0,0,0.0,0,0.0,0,0.0,0,0.0,0,0.0,0,0.2,0,0.0,1,0.0,1,0.0,1,0.0,1,0.0,1,0.0,1,0.0,1,0.0,1
13,708,1,7,17,55,286,2024-05-15,0.9,0,1.0,0,0,11.9532,26.51,82.35,1.73,0.0,1,0.0,1,0.0,1,0.0,1,0.0,1,0.0,1,0.0,0,0.1,0,0.1,0,0.1,0,0.0,0,0.1,0,0.0,0,0.0,0,0.0,0,0.0,0,0.2,0,0.1,0,0.0,0,0.0,0,0.2,0,0.0,0,0.0,0,0.0,0
13,708,6,10,33,72,503,2024-04-21,1.3,4,1.0,1,0,19.2002,26.84,88.65,1.52,0.0,1,0.0,1,0.0,1,0.0,1,0.0,1,0.0,1,0.0,0,0.0,0,0.0,0,0.0,0,0.7,0,0.2,0,0.2,0,0.1,0,0.0,0,0.0,0,0.0,0,0.0,0,0.1,1,0.0,1,0.0,1,0.0,1,0.0,1,0.0,1
3,709,6,4,28,168,210,2024-06-16,1.2,6,0.843,1,1,2.6341,25.54,50.51,1.25,0.0,0,0.0,0,0.0,0,0.0,0,0.0,0,0.0,0,0.0,0,0.0,0,0.3,0,0.3,0,0.3,0,0.2,0,0.0,0,0.0,0,0.0,0,0.1,0,0.0,1,0.0,1,0.0,1,0.0,1,0.0,1,0.0,1,0.0,1,0.0,1
3,710,5,18,80,110,385,2024-05-09,0.3,7,1.0,0,0,0.3471,22.43,34.86,1.39,0.0,1,0.0,1,0.0,1,0.0,1,0.0,1,0.0,1,0.0,0,0.1,0,0.0,0,0.0,0,0.1,0,0.0,0,0.0,0,0.0,0,0.0,0,0.1,1,0.0,1,0.0,1,0.0,1,0.0,1,0.0,1,0.0,1,0.0,1,0.0,1
3,712,6,4,28,174,737,2024-05-21,0.16,1,1.0,0,0,0.2789,24.19,36.03,2.85,0.0,0,0.0,0,0.0,0,0.0,0,0.0,0,0.0,0,0.0,0,0.0,0,0.1,0,0.0,0,0.0,0,0.0,0,0.0,0,0.0,0,0.0,0,0.0,0,0.0,0,0.0,0,0.0,0,0.06,0,0.0,0,0.0,1,0.0,1,0.0,1
0,713,5,16,27,97,250,2024-05-27,0.6,4,1.0,0,0,1.9196,22.91,66.62,2.0,0.0,1,0.0,0,0.0,0,0.0,0,0.0,0,0.0,0,0.0,0,0.0,0,0.1,0,0.0,0,0.0,0,0.0,0,0.0,0,0.1,0,0.0,0,0.1,0,0.2,0,0.1,0,0.0,1,0.0,1,0.0,1,0.0,1,0.0,1,0.0,1
3,724,5,18,80,112,340,2024-04-07,0.2,0,0.601,0,1,0.0816,17.16,42.01,1.24,0.0,1,0.0,1,0.0,1,0.0,0,0.0,0,0.0,0,0.0,0,0.0,0,0.0,0,0.0,0,0.1,0,0.0,0,0.0,0,0.0,0,0.0,0,0.0,0,0.0,0,0.0,0,0.0,0,0.0,0,0.1,0,0.0,0,0.0,0,0.0,0
3,726,5,16,27,104,403,2024-05-17,0.2,0,0.916,0,0,1.0757,24.34,40.02,1.23,0.0,0,0.0,0,0.0,0,0.0,0,0.0,0,0.0,0,0.0,0,0.0,0,0.1,0,0.0,0,0.0,0,0.0,0,0.0,0,0.0,0,0.0,0,0.0,0,0.1,0,0.0,0,0.0,0,0.0,0,0.0,0,0.0,0,0.0,0,0.0,0
16,732,6,4,28,81,191,2024-06-09,1.6,0,0.696,1,1,6.1871,27.26,72.33,1.25,0.0,0,0.0,0,0.0,0,0.0,0,0.0,0,0.0,0,0.1,0,0.1,0,0.1,0,0.2,0,0.1,0,0.0,0,0.1,0,0.0,0,0.0,0,0.3,0,0.1,0,0.1,0,0.1,0,0.1,0,0.1,0,0.1,0,0.0,0,0.0,0
5,734,5,16,27,104,635,2024-04-27,0.6,0,0.874,1,0,4.6247,19.63,81.06,2.77,0.0,0,0.0,0,0.0,0,0.0,0,0.0,0,0.0,0,0.0,0,0.0,0,0.0,0,0.2,0,0.0,0,0.0,0,0.1,0,0.1,0,0.0,0,0.2,0,0.0,0,0.0,0,0.0,0,0.0,0,0.0,0,0.0,0,0.0,0,0.0,0
15,735,5,16,25,99,634,2024-03-30,0.8,5,0.859,1,1,4.0155,18.13,81.15,2.4,0.0,0,0.0,0,0.0,0,0.0,0,0.0,0,0.1,0,0.0,0,0.0,0,0.2,0,0.0,0,0.0,0,0.0,0,0.1,0,0.1,0,0.1,0,0.1,0,0.1,0,0.0,1,0.0,1,0.0,1,0.0,1,0.0,1,0.0,1,0.0,1
15,735,0,5,7,67,857,2024-04-23,0.3,0,0.782,0,1,2.4384,19.71,84.26,2.07,0.0,1,0.0,1,0.0,1,0.0,1,0.0,1,0.0,1,0.0,0,0.0,0,0.0,0,0.0,0,0.0,0,0.0,0,0.0,0,0.0,0,0.0,0,0.0,0,0.0,0,0.1,0,0.2,0,0.0,0,0.0,0,0.0,0,0.0,0,0.0,0
0,741,6,24,51,145,416,2024-03-28,0.4,12,1.0,0,0,1.7008,16.06,73.48,1.43,0.0,1,0.0,1,0.0,1,0.0,1,0.0,1,0.0,1,0.1,0,0.2,0,0.0,0,0.1,0,0.0,1,0.0,1,0.0,1,0.0,1,0.0,1,0.0,1,0.0,1,0.0,1,0.0,1,0.0,1,0.0,1,0.0,1,0.0,1,0.0,1
0,741,5,16,27,97,424,2024-05-24,0.3,0,1.0,0,0,0.3741,23.52,66.35,1.66,0.0,1,0.0,1,0.0,1,0.0,1,0.0,1,0.0,1,0.1,0,0.0,0,0.1,0,0.1,0,0.0,0,0.0,0,0.0,0,0.0,0,0.0,0,0.0,0,0.0,0,0.0,0,0.0,0,0.0,0,0.0,0,0.0,0,0.0,0,0.0,0
5,743,6,8,29,113,201,2024-05-28,0.7,2,0.857,0,1,1.2194,21.74,73.79,2.59,0.0,1,0.0,1,0.0,1,0.0,1,0.0,1,0.0,1,0.0,0,0.0,0,0.0,0,0.1,0,0.2,0,0.0,0,0.0,0,0.1,0,0.0,0,0.0,0,0.0,0,0.0,0,0.2,0,0.1,0,0.0,1,0.0,1,0.0,1,0.0,1
5,743,2,31,73,192,716,2024-05-05,1.0,0,1.0,1,0,2.9198,20.6,78.86,2.71,0.0,0,0.0,0,0.0,0,0.0,0,0.0,0,0.0,0,0.0,0,0.0,0,0.0,0,0.2,0,0.0,0,0.3,0,0.0,0,0.0,0,0.0,0,0.1,0,0.0,0,0.3,0,0.0,0,0.0,0,0.1,0,0.0,0,0.0,0,0.0,0
0,744,6,20,68,63,486,2024-06-05,1.2,9,0.675,0,1,1.7171,24.82,71.57,1.57,0.0,1,0.0,1,0.1,1,0.0,1,0.0,1,0.1,0,0.0,0,0.4,0,0.0,0,0.1,0,0.0,1,0.0,1,0.0,1,0.1,1,0.0,0,0.1,0,0.2,0,0.0,1,0.0,1,0.0,1,0.0,1,0.0,1,0.1,1,0.0,1
13,747,6,20,50,229,309,2024-05-16,1.2,7,1.0,0,0,6.1469,25.79,80.88,2.13,0.0,1,0.0,1,0.0,1,0.0,1,0.0,1,0.0,1,0.0,0,0.1,0,0.0,0,0.4,0,0.3,0,0.0,0,0.1,0,0.1,0,0.2,0,0.0,1,0.0,1,0.0,1,0.0,1,0.0,1,0.0,1,0.0,1,0.0,1,0.0,1
13,748,3,6,32,122,184,2024-04-24,0.1,3,1.0,0,0,14.7742,25.61,86.23,1.71,0.0,1,0.0,1,0.0,1,0.0,1,0.0,1,0.0,1,0.0,1,0.1,0,0.0,0,0.0,0,0.0,0,0.0,0,0.0,0,0.0,0,0.0,0,0.0,0,0.0,0,0.0,0,0.0,0,0.0,0,0.0,1,0.0,1,0.0,1,0.0,1
0,750,6,4,28,167,843,2024-05-23,0.2,0,0.913,0,0,1.3124,24.26,73.88,1.39,0.0,1,0.0,1,0.0,1,0.0,1,0.0,1,0.0,0,0.0,0,0.0,0,0.0,0,0.0,0,0.0,0,0.0,0,0.0,0,0.0,0,0.0,0,0.0,0,0.1,0,0.1,0,0.0,0,0.0,0,0.0,0,0.0,0,0.0,0,0.0,0
3,754,6,20,50,2,92,2024-05-25,1.9,9,0.986,1,0,1.8439,23.48,44.47,1.52,0.0,1,0.0,1,0.0,1,0.0,1,0.0,1,0.0,1,0.0,0,0.0,0,0.1,0,0.6,0,0.7,0,0.4,0,0.0,1,0.0,1,0.1,0,0.0,1,0.0,1,0.0,1,0.0,1,0.0,1,0.0,1,0.0,1,0.0,1,0.0,1
3,754,6,4,53,156,254,2024-05-06,1.6,0,1.0,0,0,0.6965,22.46,28.04,1.71,0.0,0,0.0,0,0.0,0,0.0,0,0.0,0,0.0,0,0.0,0,0.0,0,0.0,0,0.0,0,0.0,0,0.3,0,0.0,0,0.0,0,0.2,0,0.0,0,0.0,0,0.7,0,0.2,0,0.1,0,0.0,0,0.0,0,0.1,0,0.0,0
3,754,6,20,50,2,316,2024-04-14,0.0,16,0.8930000066757202,1,1,1.0414,18.25,36.87,1.51,0.0,1,0.0,1,0.0,1,0.0,1,0.0,1,0.0,1,0.0,1,0.0,1,0.0,1,0.0,1,0.0,1,0.0,1,0.0,1,0.0,1,0.0,1,0.0,1,0.0,1,0.0,1,0.0,1,0.0,1,0.0,1,0.0,1,0.0,1,0.0,1
3,754,6,10,57,205,584,2024-05-27,0.3,0,1.0,0,0,1.0191,24.24,36.02,1.57,0.0,0,0.0,0,0.0,0,0.0,0,0.0,0,0.0,0,0.0,0,0.0,0,0.2,0,0.1,0,0.0,0,0.0,0,0.0,0,0.0,0,0.0,0,0.0,0,0.0,0,0.0,0,0.0,0,0.0,0,0.0,0,0.0,0,0.0,0,0.0,0
3,755,6,20,68,176,125,2024-05-10,0.5,0,0.804,0,1,0.5715,22.4,31.15,1.88,0.0,0,0.0,0,0.0,0,0.0,0,0.0,0,0.0,0,0.0,0,0.1,0,0.0,0,0.0,0,0.0,0,0.1,0,0.1,0,0.0,0,0.0,0,0.1,0,0.1,0,0.0,0,0.0,0,0.0,0,0.0,0,0.0,0,0.0,0,0.0,0
0,757,6,4,28,10,140,2024-04-22,0.4,0,0.797,0,1,2.2436,18.36,77.22,1.31,0.0,0,0.0,0,0.0,0,0.0,0,0.1,0,0.0,0,0.0,0,0.0,0,0.0,0,0.0,0,0.0,0,0.0,0,0.0,0,0.1,0,0.0,0,0.2,0,0.0,0,0.0,0,0.0,0,0.0,0,0.0,0,0.0,0,0.0,0,0.0,0
3,764,5,16,25,103,296,2024-06-10,0.7,0,0.898,1,1,1.1258,27.01,50.93,1.19,0.0,0,0.0,0,0.0,0,0.0,0,0.0,0,0.0,0,0.0,0,0.3,0,0.0,0,0.0,0,0.0,0,0.0,0,0.0,0,0.1,0,0.1,0,0.1,0,0.0,0,0.0,0,0.1,0,0.0,0,0.0,0,0.0,0,0.0,0,0.0,0
16,765,6,20,68,127,122,2024-06-13,1.1,3,0.84,0,1,7.0235,26.76,78.07,1.52,0.0,0,0.0,0,0.0,0,0.0,0,0.0,0,0.0,0,0.0,0,0.0,0,0.2,0,0.1,0,0.0,0,0.3,0,0.0,0,0.0,0,0.0,0,0.1,0,0.1,0,0.1,0,0.2,0,0.0,1,0.0,1,0.0,1,0.0,1,0.0,1
13,776,2,29,76,231,73,2024-04-26,0.4,8,0.749,0,1,13.653,26.72,85.03,2.07,0.0,0,0.0,0,0.0,0,0.0,0,0.0,0,0.0,0,0.0,0,0.0,0,0.2,0,0.1,0,0.0,0,0.0,0,0.0,0,0.1,0,0.0,1,0.0,1,0.0,1,0.0,1,0.0,1,0.0,1,0.0,1,0.0,1,0.0,1,0.0,1
13,779,5,16,25,94,522,2024-04-20,1.3,3,1.0,1,0,17.6652,25.97,83.7,1.94,0.0,0,0.0,0,0.0,0,0.0,0,0.0,0,0.0,0,0.0,0,0.2,0,0.0,0,0.0,0,0.2,0,0.2,0,0.0,0,0.0,0,0.0,0,0.1,0,0.1,0,0.2,0,0.2,0,0.0,1,0.0,1,0.0,1,0.1,1,0.0,1
3,784,6,10,33,177,116,2024-05-18,0.9,0,1.0,1,0,1.708,23.67,44.33,1.46,0.0,0,0.0,0,0.0,0,0.0,0,0.0,0,0.1,0,0.0,0,0.0,0,0.1,0,0.3,0,0.1,0,0.0,0,0.1,0,0.0,0,0.0,0,0.0,0,0.1,0,0.0,0,0.0,0,0.0,0,0.1,0,0.0,0,0.0,0,0.0,0
3,786,6,4,53,58,188,2024-04-21,0.0,16,1.0,1,0,0.2857,19.34,37.26,1.47,0.0,1,0.0,1,0.0,1,0.0,1,0.0,1,0.0,1,0.0,1,0.0,1,0.0,1,0.0,1,0.0,1,0.0,1,0.0,1,0.0,1,0.0,1,0.0,1,0.0,1,0.0,1,0.0,1,0.0,1,0.0,1,0.0,1,0.0,1,0.0,1
3,787,5,16,25,105,290,2024-05-03,0.7,0,0.772,1,1,0.8639,22.39,37.71,1.41,0.0,1,0.0,1,0.0,1,0.0,1,0.0,1,0.0,0,0.0,0,0.2,0,0.1,0,0.0,0,0.0,0,0.0,0,0.0,0,0.0,0,0.1,0,0.0,0,0.3,0,0.0,0,0.0,0,0.0,0,0.0,0,0.0,0,0.0,0,0.0,0
3,787,0,28,72,154,834,2024-05-29,0.0,16,1.0,0,0,0.6112,26.12,36.24,1.39,0.0,1,0.0,1,0.0,1,0.0,1,0.0,1,0.0,1,0.0,1,0.0,1,0.0,1,0.0,1,0.0,1,0.0,1,0.0,1,0.0,1,0.0,1,0.0,1,0.0,1,0.0,1,0.0,1,0.0,1,0.0,1,0.0,1,0.0,1,0.0,1
13,788,5,16,25,99,392,2024-05-17,0.2,0,1.0,0,0,9.0681,26.11,81.23,1.4,0.0,1,0.0,1,0.0,1,0.0,1,0.0,1,0.0,0,0.0,0,0.0,0,0.0,0,0.0,0,0.0,0,0.0,0,0.0,0,0.0,0,0.0,0,0.0,0,0.0,0,0.1,0,0.1,0,0.0,0,0.0,0,0.0,0,0.0,0,0.0,0
13,789,1,7,17,55,286,2024-04-02,0.0,16,1.0,0,0,1.5677,25.31,78.74,2.08,0.0,1,0.0,1,0.0,1,0.0,1,0.0,1,0.0,1,0.0,1,0.0,1,0.0,1,0.0,1,0.0,1,0.0,1,0.0,1,0.0,1,0.0,1,0.0,1,0.0,1,0.0,1,0.0,1,0.0,1,0.0,1,0.0,1,0.0,1,0.0,1
3,796,6,4,53,58,188,2024-04-26,0.4,10,1.0,0,0,0.4088,20.24,43.51,1.72,0.0,0,0.0,0,0.0,0,0.0,0,0.0,0,0.0,0,0.0,0,0.1,0,0.0,0,0.1,0,0.0,0,0.1,0,0.0,1,0.0,1,0.0,1,0.0,1,0.0,1,0.0,1,0.0,1,0.0,1,0.0,1,0.0,1,0.1,1,0.0,1
3,800,6,20,50,2,92,2024-04-24,0.5,13,0.845,0,1,0.0,20.93,39.95,1.59,0.1,1,0.0,1,0.0,1,0.0,0,0.1,0,0.0,0,0.0,0,0.1,0,0.2,0,0.0,1,0.0,1,0.0,1,0.0,1,0.0,1,0.0,1,0.0,1,0.0,1,0.0,1,0.0,1,0.0,1,0.0,1,0.0,1,0.0,1,0.0,1
3,803,6,10,33,177,116,2024-06-16,0.4,0,1.0,1,0,3.4431,25.64,56.84,1.32,0.0,0,0.0,0,0.0,0,0.0,0,0.0,0,0.0,0,0.0,0,0.0,0,0.1,0,0.0,0,0.0,0,0.0,0,0.0,0,0.0,0,0.0,0,0.0,0,0.2,0,0.0,0,0.1,0,0.0,0,0.0,0,0.0,0,0.0,0,0.0,0
3,804,6,20,50,183,44,2024-06-21,0.8,0,0.981,0,0,1.364,28.11,51.34,1.52,0.0,1,0.0,1,0.0,1,0.0,1,0.0,1,0.0,1,0.0,0,0.0,0,0.0,0,0.0,0,0.1,0,0.0,0,0.0,0,0.0,0,0.0,0,0.2,0,0.1,0,0.0,0,0.3,0,0.0,0,0.0,0,0.1,0,0.0,1,0.0,1
6,805,5,16,25,101,422,2024-04-17,0.4,0,1.0,0,0,3.3626,18.82,82.07,2.32,0.0,0,0.0,0,0.0,0,0.0,0,0.0,0,0.0,0,0.0,0,0.0,0,0.0,0,0.1,0,0.0,0,0.0,0,0.0,0,0.0,0,0.2,0,0.0,0,0.1,0,0.0,0,0.0,0,0.0,0,0.0,0,0.0,0,0.0,0,0.0,0
0,806,0,28,52,169,63,2024-05-11,0.0,16,0.859000027179718,1,1,2.1773,21.24,71.8,1.49,0.0,1,0.0,1,0.0,1,0.0,1,0.0,1,0.0,1,0.0,1,0.0,1,0.0,1,0.0,1,0.0,1,0.0,1,0.0,1,0.0,1,0.0,1,0.0,1,0.0,1,0.0,1,0.0,1,0.0,1,0.0,1,0.0,1,0.0,1,0.0,1
3,808,6,4,28,142,120,2024-05-15,0.8,0,1.0,0,0,0.6123,23.83,32.27,1.53,0.0,1,0.0,1,0.0,1,0.0,1,0.0,1,0.0,1,0.0,0,0.0,0,0.0,0,0.0,0,0.1,0,0.2,0,0.1,0,0.0,0,0.1,0,0.0,0,0.1,0,0.1,0,0.0,0,0.0,0,0.1,0,0.0,0,0.0,0,0.0,0
0,812,6,4,28,216,71,2024-05-12,1.5,0,0.852,1,1,0.6421,22.3,65.8,1.04,0.0,0,0.0,0,0.1,0,0.0,0,0.0,0,0.0,0,0.0,0,0.1,0,0.0,0,0.2,0,0.5,0,0.0,0,0.0,0,0.0,0,0.0,0,0.0,0,0.1,0,0.1,0,0.1,0,0.2,0,0.0,0,0.0,0,0.1,0,0.0,0
13,816,2,29,78,82,4,2024-04-04,0.6,9,0.874,1,1,1.1589,25.33,79.58,1.52,0.0,1,0.0,1,0.0,1,0.0,1,0.0,0,0.0,0,0.3,0,0.1,0,0.0,0,0.0,0,0.0,0,0.0,0,0.2,0,0.0,1,0.0,1,0.0,1,0.0,1,0.0,1,0.0,1,0.0,1,0.0,1,0.0,1,0.0,1,0.0,1
13,817,6,4,28,180,50,2024-05-11,2.7,0,1.0,1,0,7.3353,24.82,76.44,1.68,0.1,0,0.0,0,0.0,0,0.0,0,0.0,0,0.0,0,0.1,0,0.0,0,0.2,0,0.3,0,0.2,0,0.1,0,0.1,0,0.1,0,0.1,0,0.1,0,0.3,0,0.4,0,0.3,0,0.0,0,0.1,0,0.0,0,0.2,0,0.0,0
13,817,6,4,53,77,90,2024-03-31,0.5,0,1.0,1,0,2.3355,25.03,75.67,1.79,0.0,0,0.0,0,0.0,0,0.0,0,0.0,0,0.0,0,0.0,0,0.1,0,0.0,0,0.1,0,0.0,0,0.2,0,0.0,0,0.0,0,0.0,0,0.0,0,0.0,0,0.1,0,0.0,0,0.0,0,0.0,0,0.0,0,0.0,0,0.0,0
13,817,6,20,58,172,163,2024-06-20,0.2,0,1.0,0,0,5.1989,29.32,78.0,1.7,0.0,0,0.0,0,0.0,0,0.0,0,0.0,0,0.0,0,0.0,0,0.0,0,0.1,0,0.1,0,0.0,0,0.0,0,0.0,0,0.0,0,0.0,0,0.0,0,0.0,0,0.0,0,0.0,0,0.0,0,0.0,0,0.0,0,0.0,0,0.0,0
3,820,6,10,33,177,116,2024-05-02,1.2,0,0.794,1,1,0.8165,22.02,39.33,1.65,0.0,0,0.0,0,0.0,0,0.0,0,0.0,0,0.0,0,0.0,0,0.0,0,0.5,0,0.0,0,0.2,0,0.2,0,0.0,0,0.0,0,0.0,0,0.2,0,0.0,0,0.0,0,0.1,0,0.0,0,0.0,0,0.0,0,0.0,0,0.0,0
3,820,6,10,33,181,129,2024-03-29,1.2,0,1.0,0,0,0.4079,14.88,29.86,1.47,0.0,0,0.0,0,0.0,0,0.0,0,0.0,0,0.0,0,0.0,0,0.1,0,0.0,0,0.4,0,0.2,0,0.0,0,0.0,0,0.1,0,0.1,0,0.0,0,0.0,0,0.0,0,0.0,0,0.2,0,0.1,0,0.0,0,0.0,0,0.0,0
3,820,6,10,33,181,129,2024-04-22,0.4,2,1.0,0,0,0.578,19.11,38.31,1.38,0.0,0,0.0,0,0.0,0,0.0,0,0.0,0,0.0,0,0.0,0,0.1,0,0.0,0,0.0,0,0.2,0,0.0,0,0.0,0,0.0,0,0.0,0,0.0,0,0.0,0,0.0,0,0.0,0,0.1,0,0.0,1,0.0,1,0.0,1,0.0,1
0,822,5,18,80,86,11,2024-06-02,1.2,3,0.873,1,1,1.7586,23.43,70.16,1.64,0.0,1,0.0,1,0.0,1,0.0,1,0.0,1,0.0,1,0.1,0,0.0,0,0.1,0,0.3,0,0.0,0,0.3,0,0.1,0,0.0,0,0.0,0,0.0,0,0.1,0,0.1,0,0.1,0,0.0,1,0.0,1,0.0,1,0.0,1,0.0,1
0,829,6,4,28,142,18,2024-04-28,0.3,5,1.0,1,0,2.6887,21.37,82.43,1.56,0.0,1,0.0,1,0.0,1,0.0,1,0.0,1,0.0,0,0.0,0,0.0,0,0.0,0,0.0,0,0.0,0,0.0,0,0.0,0,0.0,0,0.1,0,0.0,0,0.2,0,0.0,1,0.0,1,0.0,1,0.0,1,0.0,1,0.0,1,0.0,1
0,829,6,4,53,77,90,2024-05-02,0.2,13,0.845,1,1,1.1999,21.04,79.57,1.47,0.0,1,0.0,1,0.0,1,0.0,1,0.0,1,0.0,1,0.0,0,0.0,0,0.2,0,0.0,1,0.0,1,0.0,1,0.0,1,0.0,1,0.0,1,0.0,1,0.0,1,0.0,1,0.0,1,0.0,1,0.0,1,0.0,1,0.0,1,0.0,1
0,829,5,16,27,104,635,2024-04-25,0.5,0,0.866,0,0,3.614,20.3,80.39,1.59,0.0,1,0.0,1,0.0,1,0.1,1,0.0,1,0.0,1,0.0,0,0.0,0,0.1,0,0.1,0,0.0,0,0.0,0,0.0,0,0.0,0,0.0,0,0.0,0,0.0,0,0.2,0,0.0,0,0.0,0,0.0,0,0.0,0,0.0,0,0.0,0
4,832,2,29,76,60,596,2024-04-10,0.7,4,1.0,0,0,1.5019,17.91,77.27,2.08,0.0,1,0.0,1,0.0,1,0.0,0,0.0,0,0.0,0,0.0,0,0.1,0,0.1,0,0.0,0,0.0,0,0.0,0,0.1,0,0.0,0,0.0,0,0.1,0,0.2,0,0.1,0,0.0,1,0.0,1,0.0,1,0.0,1,0.0,1,0.0,1
4,833,5,16,25,94,638,2024-04-27,0.8,0,0.836,1,1,3.2611,20.41,74.95,2.3,0.0,0,0.0,0,0.0,0,0.0,0,0.0,0,0.0,0,0.0,0,0.0,0,0.0,0,0.2,0,0.1,0,0.1,0,0.0,0,0.0,0,0.0,0,0.3,0,0.0,0,0.1,0,0.0,0,0.0,0,0.0,0,0.0,0,0.0,0,0.0,0
3,840,6,4,28,142,120,2024-05-30,0.0,16,1.0,0,0,1.0195,25.74,43.41,1.5,0.0,1,0.0,1,0.0,1,0.0,1,0.0,1,0.0,1,0.0,1,0.0,1,0.0,1,0.0,1,0.0,1,0.0,1,0.0,1,0.0,1,0.0,1,0.0,1,0.0,1,0.0,1,0.0,1,0.0,1,0.0,1,0.0,1,0.0,1,0.0,1
3,841,5,16,25,103,792,2024-05-17,0.6,4,0.748,0,1,1.0755,24.34,40.02,1.23,0.0,0,0.0,0,0.0,0,0.0,0,0.0,0,0.0,0,0.0,0,0.0,0,0.0,0,0.3,0,0.0,0,0.0,0,0.0,0,0.0,0,0.0,0,0.0,0,0.0,0,0.3,0,0.0,1,0.0,1,0.0,1,0.0,1,0.0,1,0.0,1
0,843,5,15,42,89,734,2024-06-15,0.3,0,0.93,1,0,7.148,25.86,78.2,1.71,0.0,0,0.1,0,0.0,0,0.0,0,0.0,0,0.0,0,0.0,0,0.0,0,0.0,0,0.0,0,0.0,0,0.1,0,0.0,0,0.0,0,0.0,0,0.0,0,0.0,0,0.0,0,0.1,0,0.0,0,0.0,0,0.0,0,0.0,0,0.0,0
3,846,2,29,78,82,4,2024-06-08,1.7,0,0.963,1,0,1.3518,28.47,50.63,1.19,0.0,0,0.0,0,0.0,0,0.0,0,0.0,0,0.0,0,0.0,0,0.0,0,0.4,0,0.2,0,0.0,0,0.0,0,0.2,0,0.0,0,0.0,0,0.0,0,0.3,0,0.0,0,0.0,0,0.3,0,0.0,0,0.3,0,0.0,0,0.0,0
0,847,6,10,33,177,116,2024-06-25,1.3,8,0.788,0,1,12.4982,28.36,84.7,1.32,0.1,0,0.1,0,0.0,0,0.0,0,0.0,0,0.0,0,0.1,0,0.1,0,0.1,0,0.2,0,0.0,0,0.3,0,0.1,0,0.2,0,0.0,1,0.0,1,0.0,1,0.0,1,0.0,1,0.0,1,0.0,1,0.0,1,0.0,1,0.0,1
0,847,5,16,25,94,638,2024-05-31,0.5,0,0.976,0,0,2.2443,23.56,67.38,1.66,0.0,1,0.0,1,0.1,1,0.0,1,0.0,0,0.0,0,0.0,0,0.0,0,0.0,0,0.2,0,0.1,0,0.0,0,0.0,0,0.0,0,0.0,0,0.0,0,0.1,0,0.0,0,0.0,0,0.0,0,0.0,0,0.0,0,0.0,0,0.0,0
0,847,0,5,7,66,802,2024-05-09,1.3,7,0.586,0,1,0.2936,21.76,67.31,1.47,0.0,0,0.0,0,0.0,0,0.0,0,0.0,0,0.0,0,0.2,0,0.0,0,0.0,0,0.2,0,0.4,0,0.4,0,0.0,0,0.0,0,0.1,0,0.0,1,0.0,1,0.0,1,0.0,1,0.0,1,0.0,1,0.0,1,0.0,1,0.0,1
4,849,6,20,50,170,6,2024-05-26,0.9,8,0.562,1,1,1.902,24.25,62.77,1.98,0.0,1,0.0,1,0.0,1,0.0,1,0.0,1,0.0,1,0.0,0,0.0,0,0.0,0,0.3,0,0.0,0,0.0,0,0.2,0,0.4,0,0.0,1,0.0,1,0.0,1,0.0,1,0.0,1,0.0,1,0.0,1,0.0,1,0.0,1,0.0,1
0,850,2,29,78,82,4,2024-03-31,1.4,5,0.881,1,1,1.5597,16.14,77.35,1.76,0.0,0,0.0,0,0.0,0,0.3,0,0.0,0,0.0,0,0.0,0,0.0,0,0.0,0,0.0,0,0.2,0,0.3,0,0.0,0,0.0,0,0.3,0,0.1,0,0.0,1,0.2,0,0.0,1,0.0,1,0.0,1,0.0,1,0.0,1,0.0,1
0,851,0,28,72,218,411,2024-05-12,0.2,16,0.7839999794960022,1,1,0.6343,21.95,65.87,1.74,0.0,1,0.0,1,0.0,1,0.0,1,0.0,1,0.0,1,0.0,1,0.0,1,0.0,1,0.0,1,0.0,1,0.0,1,0.0,1,0.0,1,0.0,1,0.0,1,0.2,1,0.0,1,0.0,1,0.0,1,0.0,1,0.0,1,0.0,1,0.0,1
0,851,6,4,28,168,554,2024-04-04,0.6,12,0.973,1,0,1.3065,15.92,74.53,1.87,0.0,1,0.0,1,0.0,1,0.0,1,0.0,1,0.0,1,0.0,0,0.3,0,0.2,0,0.1,0,0.0,1,0.0,1,0.0,1,0.0,1,0.0,1,0.0,1,0.0,1,0.0,1,0.0,1,0.0,1,0.0,1,0.0,1,0.0,1,0.0,1
0,851,6,4,28,168,554,2024-04-17,0.5,11,1.0,0,0,1.2576,18.09,74.68,2.02,0.0,1,0.0,1,0.0,1,0.0,1,0.0,1,0.0,1,0.0,0,0.2,0,0.1,0,0.0,0,0.0,1,0.2,0,0.0,1,0.0,1,0.0,1,0.0,1,0.0,1,0.0,1,0.0,1,0.0,1,0.0,1,0.0,1,0.0,1,0.0,1
3,854,0,5,6,65,157,2024-06-07,1.5,1,0.897,0,0,1.5338,26.68,49.33,1.51,0.0,1,0.0,1,0.0,1,0.6,1,0.0,0,0.0,0,0.0,0,0.0,0,0.6,0,0.0,1,0.3,0,0.0,0,0.0,0,0.0,0,0.0,0,0.0,0,0.0,0,0.0,0,0.0,0,0.0,0,0.0,0,0.0,0,0.0,1,0.0,1
0,856,3,17,49,194,758,2024-06-04,1.1,0,1.0,0,0,1.0354,24.88,76.86,1.8,0.0,0,0.0,0,0.0,0,0.0,0,0.0,0,0.1,0,0.0,0,0.0,0,0.0,0,0.1,0,0.0,0,0.1,0,0.2,0,0.0,0,0.0,0,0.0,0,0.0,0,0.1,0,0.2,0,0.1,0,0.0,0,0.1,0,0.1,0,0.0,0
7,862,6,4,28,149,512,2024-04-28,2.1,6,1.0,1,0,15.4707,26.07,77.51,1.8,0.0,1,0.0,1,0.0,1,0.0,1,0.0,1,0.0,0,0.1,0,0.1,0,0.3,0,0.6,0,0.2,0,0.3,0,0.3,0,0.0,0,0.1,0,0.1,0,0.0,1,0.0,1,0.0,1,0.0,1,0.0,1,0.0,1,0.0,1,0.0,1
4,865,5,16,27,98,291,2024-04-09,0.8,0,0.881,0,1,2.6272,18.16,79.56,2.02,0.0,0,0.0,0,0.0,0,0.0,0,0.0,0,0.0,0,0.0,0,0.0,0,0.1,0,0.0,0,0.0,0,0.0,0,0.0,0,0.2,0,0.0,0,0.0,0,0.1,0,0.1,0,0.0,0,0.1,0,0.2,0,0.0,0,0.0,0,0.0,0
4,866,6,4,53,77,41,2024-05-16,1.3,0,0.938,0,1,1.7223,24.45,65.65,2.61,0.0,0,0.0,0,0.0,0,0.0,0,0.0,0,0.0,0,0.0,0,0.1,0,0.3,0,0.1,0,0.0,0,0.1,0,0.0,0,0.2,0,0.1,0,0.1,0,0.1,0,0.1,0,0.0,0,0.0,0,0.1,0,0.0,0,0.0,0,0.0,0
7,871,2,29,78,82,4,2024-04-27,0.8,0,0.732,1,1,13.4198,25.54,77.65,1.78,0.0,0,0.0,0,0.0,0,0.0,0,0.0,0,0.0,0,0.0,0,0.0,0,0.0,0,0.0,0,0.0,0,0.0,0,0.0,0,0.0,0,0.4,0,0.0,0,0.4,0,0.0,0,0.0,0,0.0,0,0.0,0,0.0,0,0.0,0,0.0,0
7,871,6,20,50,229,309,2024-03-30,0.4,10,1.0,1,0,6.373,23.45,72.71,2.07,0.0,1,0.0,1,0.0,1,0.0,1,0.0,1,0.0,1,0.0,0,0.1,0,0.0,0,0.1,0,0.1,0,0.1,0,0.0,1,0.0,1,0.0,1,0.0,1,0.0,1,0.0,1,0.0,1,0.0,1,0.0,1,0.0,1,0.0,1,0.0,1
0,872,6,21,64,123,259,2024-04-14,0.0,16,1.0,1,0,3.4504,17.14,78.39,1.72,0.0,1,0.0,1,0.0,1,0.0,1,0.0,1,0.0,1,0.0,1,0.0,1,0.0,1,0.0,1,0.0,1,0.0,1,0.0,1,0.0,1,0.0,1,0.0,1,0.0,1,0.0,1,0.0,1,0.0,1,0.0,1,0.0,1,0.0,1,0.0,1
15,875,5,16,26,96,345,2024-04-15,0.4,9,0.952,0,0,4.9069,19.51,83.93,2.43,0.0,1,0.0,1,0.0,1,0.0,1,0.0,1,0.0,1,0.0,1,0.0,0,0.0,0,0.0,0,0.1,0,0.0,0,0.1,0,0.2,0,0.0,1,0.0,1,0.0,1,0.0,1,0.0,1,0.0,1,0.0,1,0.0,1,0.0,1,0.0,1
12,876,6,4,28,81,191,2024-05-17,4.1,0,0.979,0,0,2.3107,24.41,73.79,2.23,0.3,0,0.0,0,0.0,0,0.0,0,0.0,0,0.2,0,0.1,0,0.6,0,0.3,0,0.5,0,0.6,0,0.2,0,0.2,0,0.1,0,0.1,0,0.5,0,0.0,0,0.1,0,0.0,0,0.1,0,0.2,0,0.0,0,0.0,0,0.0,0
4,879,6,24,51,153,419,2024-04-09,1.1,0,0.913,0,1,2.7646,18.11,79.44,2.23,0.0,0,0.0,0,0.0,0,0.0,0,0.0,0,0.0,0,0.3,0,0.0,0,0.0,0,0.1,0,0.3,0,0.0,0,0.1,0,0.0,0,0.0,0,0.0,0,0.0,0,0.0,0,0.0,0,0.0,0,0.2,0,0.0,0,0.0,0,0.1,0
4,879,5,16,25,94,638,2024-04-13,0.5,0,0.836,1,1,1.961,19.24,80.62,1.91,0.0,0,0.0,0,0.0,0,0.0,0,0.0,0,0.0,0,0.0,0,0.1,0,0.2,0,0.0,0,0.0,0,0.1,0,0.0,0,0.0,0,0.0,0,0.0,0,0.0,0,0.0,0,0.0,0,0.0,0,0.0,0,0.0,0,0.0,0,0.1,0
4,880,6,20,58,74,301,2024-05-19,0.9,0,1.0,1,0,2.051,25.49,70.12,2.23,0.0,0,0.0,0,0.0,0,0.0,0,0.0,0,0.0,0,0.0,0,0.1,0,0.0,0,0.3,0,0.0,0,0.0,0,0.0,0,0.0,0,0.2,0,0.1,0,0.0,0,0.1,0,0.0,0,0.0,0,0.1,0,0.0,0,0.0,0,0.0,0
4,880,0,28,72,154,834,2024-06-12,3.8,0,0.995,0,0,8.0517,27.57,74.0,1.59,0.0,0,0.4,0,0.0,0,0.0,0,0.0,0,0.0,0,0.0,0,0.0,0,0.0,0,0.4,0,0.2,0,0.4,0,0.3,0,0.0,0,0.1,0,0.8,0,0.5,0,0.1,0,0.1,0,0.0,0,0.2,0,0.3,0,0.0,0,0.0,0
4,881,6,4,28,81,70,2024-04-03,2.0,0,1.0,0,0,3.024,17.93,76.51,1.79,0.0,1,0.0,1,0.0,1,0.0,1,0.0,1,0.0,0,0.0,0,0.1,0,0.0,0,0.1,0,0.5,0,0.5,0,0.1,0,0.0,0,0.1,0,0.1,0,0.1,0,0.1,0,0.0,0,0.1,0,0.0,0,0.0,0,0.2,0,0.0,0
4,881,6,4,28,1,117,2024-05-11,3.5,0,1.0,1,0,1.1855,22.75,65.92,1.62,0.1,0,0.1,0,0.0,0,0.0,0,0.0,0,0.0,0,0.2,0,0.3,0,0.4,0,0.2,0,0.1,0,0.1,0,0.0,0,0.2,0,0.5,0,0.3,0,0.3,0,0.3,0,0.1,0,0.1,0,0.0,0,0.0,0,0.2,0,0.0,0
4,881,0,5,6,65,467,2024-05-27,1.7,0,0.946,0,0,1.566,23.13,64.21,2.34,0.0,0,0.0,0,0.0,0,0.0,0,0.0,0,0.0,0,0.0,0,0.0,0,0.0,0,0.1,0,0.0,0,0.0,0,0.1,0,0.0,0,0.1,0,0.8,0,0.0,0,0.0,0,0.0,0,0.5,0,0.0,0,0.1,0,0.0,0,0.0,0
4,882,0,5,6,65,467,2024-05-31,0.6,0,0.96,0,0,1.5332,24.92,61.89,1.61,0.0,0,0.0,0,0.0,0,0.0,0,0.0,0,0.0,0,0.0,0,0.4,0,0.0,0,0.1,0,0.0,0,0.0,0,0.0,0,0.0,0,0.0,0,0.0,0,0.0,0,0.0,0,0.1,0,0.0,0,0.0,0,0.0,0,0.0,0,0.0,0
0,885,1,7,17,51,306,2024-04-17,0.9,8,1.0,0,0,0.9457,18.04,74.66,1.73,0.0,0,0.0,0,0.0,0,0.0,0,0.0,0,0.0,0,0.0,0,0.2,0,0.0,0,0.2,0,0.1,0,0.1,0,0.1,0,0.2,0,0.0,1,0.0,1,0.0,1,0.0,1,0.0,1,0.0,1,0.0,1,0.0,1,0.0,1,0.0,1
17,886,2,29,76,60,596,2024-06-23,0.5,6,0.937,1,0,10.3136,26.77,85.2,1.57,0.0,1,0.0,1,0.0,1,0.0,0,0.0,0,0.0,0,0.1,0,0.0,0,0.0,0,0.2,0,0.0,0,0.0,0,0.0,0,0.1,0,0.0,0,0.1,0,0.0,1,0.0,1,0.0,1,0.0,1,0.0,1,0.0,1,0.0,1,0.0,1
11,888,2,29,76,60,580,2024-04-10,0.9,5,0.975,0,0,2.1386,17.43,77.81,1.52,0.0,1,0.0,1,0.0,1,0.0,1,0.0,1,0.0,1,0.1,0,0.0,0,0.0,0,0.0,0,0.0,0,0.1,0,0.0,0,0.2,0,0.2,0,0.3,0,0.0,0,0.0,1,0.0,1,0.0,1,0.0,1,0.0,1,0.0,1,0.0,1
11,891,6,24,39,129,831,2024-05-08,0.27,0,1.0,0,0,1.6954,21.41,66.16,1.92,0.0,0,0.0,0,0.0,0,0.0,0,0.0,0,0.0,0,0.0,0,0.0,0,0.0,0,0.0,0,0.0,0,0.0,0,0.0,0,0.0,0,0.0,0,0.1,0,0.1,0,0.0,0,0.0,0,0.07,0,0.0,0,0.0,0,0.0,0,0.0,0
15,895,6,4,28,149,215,2024-05-13,1.9,9,0.555,0,1,2.1158,22.22,73.56,1.74,0.0,0,0.0,0,0.0,0,0.0,0,0.0,0,0.0,0,0.1,0,0.1,0,0.2,0,0.3,0,0.6,0,0.3,0,0.3,0,0.0,1,0.0,1,0.0,1,0.0,1,0.0,1,0.0,1,0.0,1,0.0,1,0.0,1,0.0,1,0.0,1
15,895,2,29,76,60,580,2024-06-14,1.7,0,0.983,0,0,8.8344,27.56,84.58,1.41,0.0,0,0.0,0,0.0,0,0.0,0,0.0,0,0.0,0,0.0,0,0.0,0,0.1,0,0.1,0,0.3,0,0.2,0,0.0,0,0.3,0,0.2,0,0.4,0,0.1,0,0.0,0,0.0,0,0.0,0,0.0,0,0.0,0,0.0,0,0.0,0
